question,reading
時間,じかん
友達,ともだち
天気,てんき
元気,げんき
教室,きょうしつ
毎朝,まいあさ
電話,でんわ
新聞,しんぶん
勉強,べんきょう
漢字,かんじ
世界,せかい
植物,しょくぶつ
宿題,しゅくだい
温度,おんど
問題,もんだい
図書館,としょかん
発表,はっぴょう
安全,あんぜん
経験,けいけん
挑戦,ちょうせん
選挙,せんきょ
必要,ひつよう
結果,けっか
伝説,でんせつ
季節,きせつ
約束,やくそく
健康,けんこう
失敗,しっぱい
環境,かんきょう
想像,そうぞう
準備,じゅんび
価値,かち
演説,えんぜつ
貿易,ぼうえき
犯罪,はんざい
複雑,ふくざつ
限界,げんかい
能力,のうりょく
私立,しりつ
疑問,ぎもん
尊敬,そんけい
秘密,ひみつ
創造,そうぞう
忠告,ちゅうこく
存在,そんざい
権利,けんり
批判,ひはん
閣僚,かくりょう
偶然,ぐうぜん
矛盾,むじゅん
謙虚,けんきょ
憂鬱,ゆううつ
把握,はあく
迅速,じんそく
克服,こくふく
曖昧,あいまい
濫用,らんよう
賠償,ばいしょう
学校,がっこう
先生,せんせい
生徒,せいと
日本,にほん
食事,しょくじ
音楽,おんがく
体育,たいいく
理科,りか
社会,しゃかい
国語,こくご
算数,さんすう
家族,かぞく
兄弟,きょうだい
姉妹,しまい
旅行,りょこう
運動,うんどう
休憩,きゅうけい
朝食,ちょうしょく
昼食,ちゅうしょく
夕食,ゆうしょく
出発,しゅっぱつ
到着,とうちゃく
帰宅,きたく
料理,りょうり
掃除,そうじ
洗濯,せんたく
勝利,しょうり
敗北,はいぼく
平和,へいわ
戦争,せんそう
政治,せいじ
経済,けいざい
文化,ぶんか
芸術,げいじゅつ
科学,かがく
技術,ぎじゅつ
産業,さんぎょう
農業,のうぎょう
工業,こうぎょう
商業,しょうぎょう
医療,いりょう
教育,きょういく
法律,ほうりつ
道路,どうろ
鉄道,てつどう
通信,つうしん
放送,ほうそう
出版,しゅっぱん
雑誌,ざっし
映画,えいが
美術,びじゅつ
建築,けんちく
自然,しぜん
動物,どうぶつ
気候,きこう
地震,じしん
台風,たいふう
洪水,こうずい
火山,かざん
砂漠,さばく
森林,しんりん
山脈,さんみゃく
平野,へいや
半島,はんとう
謝罪,しゃざい
懸念,けねん
携帯,けいたい
専門,せんもん
議論,ぎろん
協議,きょうぎ
合意,ごうい
条約,じょうやく
規制,きせい
規則,きそく
申請,しんせい
許可,きょか
禁止,きんし
義務,ぎむ
責任,せきにん
優先,ゆうせん
緊急,きんきゅう
危険,きけん
対策,たいさく
解決,かいけつ
処理,しょり
判断,はんだん
評価,ひょうか
達成,たっせい
目標,もくひょう
計画,けいかく
実施,じっし
調査,ちょうさ
研究,けんきゅう
開発,かいはつ
改善,かいぜん
検討,けんとう
考慮,こうりょ
方針,ほうしん
目的,もくてき
手段,しゅだん
工夫,くふう
知識,ちしき
理解,りかい
認識,にんしき
意識,いしき
感覚,かんかく
印象,いんしょう
記憶,きおく
思考,しこう
感情,かんじょう
情報,じょうほう
分析,ぶんせき
統計,とうけい
実験,じっけん
観察,かんさつ
結論,けつろん
証明,しょうめい
推論,すいろん
証拠,しょうこ
根拠,こんきょ
主張,しゅちょう
反論,はんろん
論理,ろんり
概念,がいねん
理論,りろん
哲学,てつがく
倫理,りんり
道徳,どうとく
精神,せいしん
意志,いし
信念,しんねん
価値観,かちかん
世界観,せかいかん
思想,しそう
宗教,しゅうきょう
文明,ぶんめい
伝統,でんとう
革新,かくしん
改革,かいかく
観点,かんてん
視点,してん
背景,はいけい
影響,えいきょう
連携,れんけい
協力,きょうりょく
貢献,こうけん
成果,せいか
効果,こうか
効率,こうりつ
競争,きょうそう
均衡,きんこう
格差,かくさ
貧困,ひんこん
福祉,ふくし
保険,ほけん
年金,ねんきん
納税,のうぜい
行政,ぎょうせい
司法,しほう
立法,りっぽう
国際,こくさい
外交,がいこう
安保,あんぽ
核兵器,かくへいき
人権,じんけん
差別,さべつ
偏見,へんけん
多様性,たようせい
持続,じぞく
循環,じゅんかん
再生,さいせい
保全,ほぜん
汚染,おせん
排出,はいしゅつ
削減,さくげん
温暖化,おんだんか
斡旋,あっせん
葛藤,かっとう
顕著,けんちょ
功績,こうせき
傲慢,ごうまん
混沌,こんとん
執念,しゅうねん
宿命,しゅくめい
俊敏,しゅんびん
醸成,じょうせい
贖罪,しょくざい
漸次,ぜんじ
脆弱,ぜいじゃく
逼迫,ひっぱく
喚起,かんき
驚嘆,きょうたん
謹慎,きんしん
蒐集,しゅうしゅう
淘汰,とうた
叡智,えいち
勘案,かんあん
沿革,えんかく
高尚,こうしょう
克明,こくめい
誇示,こじ
蹉跌,さてつ
懺悔,ざんげ
恣意,しい
召喚,しょうかん
饒舌,じょうぜつ
崇拝,すうはい
凄惨,せいさん
漸進,ぜんしん
煩悩,ぼんのう
罷免,ひめん
揶揄,やゆ
恍惚,こうこつ
彷徨,ほうこう
邂逅,かいこう
拮抗,きっこう
僥倖,ぎょうこう
憂慮,ゆうりょ
懐疑,かいぎ
頑迷,がんめい
執拗,しつよう
横柄,おうへい
奔放,ほんぽう
無謀,むぼう
矜持,きょうじ
嚆矢,こうし
狡猾,こうかつ
瞭然,りょうぜん
渋滞,じゅうたい
慎重,しんちょう
深刻,しんこく
推薦,すいせん
冗漫,じょうまん
醍醐味,だいごみ
蝸牛,かたつむり
鷹揚,おうよう
辣腕,らつわん
慟哭,どうこく
嗚咽,おえつ
瀟洒,しょうしゃ
闊達,かったつ
逡巡,しゅんじゅん
躊躇,ちゅうちょ
蒼穹,そうきゅう
罵倒,ばとう
桎梏,しっこく
懊悩,おうのう
逍遥,しょうよう
耽溺,たんでき
嗜好,しこう
忸怩,じくじ
斟酌,しんしゃく
一石二鳥,いっせきにちょう
以心伝心,いしんでんしん
一期一会,いちごいちえ
温故知新,おんこちしん
自業自得,じごうじとく
四面楚歌,しめんそか
大器晩成,たいきばんせい
馬耳東風,ばじとうふう
一刀両断,いっとうりょうだん
異口同音,いくどうおん
意気投合,いきとうごう
一網打尽,いちもうだじん
有名無実,ゆうめいむじつ
喜怒哀楽,きどあいらく
無我夢中,むがむちゅう
本末転倒,ほんまつてんとう
試行錯誤,しこうさくご
切磋琢磨,せっさたくま
支離滅裂,しりめつれつ
悪戦苦闘,あくせんくとう
疑心暗鬼,ぎしんあんき
獅子奮迅,ししふんじん
縦横無尽,じゅうおうむじん
針小棒大,しんしょうぼうだい
天衣無縫,てんいむほう
天変地異,てんぺんちい
不撓不屈,ふとうふくつ
粉骨砕身,ふんこつさいしん
文武両道,ぶんぶりょうどう
明鏡止水,めいきょうしすい
臥薪嘗胆,がしんしょうたん
千載一遇,せんざいいちぐう
右往左往,うおうさおう
威風堂堂,いふうどうどう
七転八倒,しちてんばっとう
一長一短,いっちょういったん
多種多様,たしゅたよう
同床異夢,どうしょういむ
二律背反,にりつはいはん
八方美人,はっぽうびじん
波乱万丈,はらんばんじょう
虎視眈眈,こしたんたん
三日坊主,みっかぼうず
晴耕雨読,せいこううどく
大同小異,だいどうしょうい
行雲流水,こううんりゅうすい
勇猛果敢,ゆうもうかかん
七転八起,しちてんはっき
竜頭蛇尾,りゅうとうだび
付和雷同,ふわらいどう
阿鼻叫喚,あびきょうかん
雌伏雄飛,しふくゆうひ
羊頭狗肉,ようとうくにく
朝三暮四,ちょうさんぼし
清廉潔白,せいれんけっぱく
孤立無援,こりつむえん
泰然自若,たいぜんじじゃく
他力本願,たりきほんがん
傍若無人,ぼうじゃくぶじん
前人未到,ぜんじんみとう
空前絶後,くうぜんぜつご
捲土重来,けんどちょうらい
一蓮托生,いちれんたくしょう
百花繚乱,ひゃっかりょうらん
鶏口牛後,けいこうぎゅうご
呉越同舟,ごえつどうしゅう
画竜点睛,がりょうてんせい
青天白日,せいてんはくじつ
一騎当千,いっきとうせん
岡目八目,おかめはちもく
漱石枕流,そうせきちんりゅう
虚心坦懐,きょしんたんかい
堅忍不抜,けんにんふばつ
剛毅木訥,ごうきぼくとつ
率先垂範,そっせんすいはん
知行合一,ちこうごういつ
今日,きょう
明日,あした
昨日,きのう
明後日,あさって
今週,こんしゅう
来週,らいしゅう
先週,せんしゅう
今月,こんげつ
来月,らいげつ
先月,せんげつ
今年,ことし
来年,らいねん
去年,きょねん
再来年,さらいねん
午前,ごぜん
午後,ごご
正午,しょうご
深夜,しんや
早朝,そうちょう
朝夕,あさゆう
昼夜,ちゅうや
朝晩,あさばん
四季,しき
春分,しゅんぶん
夏至,げし
秋分,しゅうぶん
冬至,とうじ
年度,ねんど
年代,ねんだい
世紀,せいき
元号,げんごう
年号,ねんごう
時代,じだい
時刻,じこく
瞬間,しゅんかん
期間,きかん
期限,きげん
時期,じき
寿命,じゅみょう
歳月,さいげつ
光陰,こういん
一日,いちにち
二日,ふつか
三日,みっか
四日,よっか
五日,いつか
六日,むいか
七日,なのか
八日,ようか
九日,ここのか
十日,とおか
一月,いちがつ
二月,にがつ
三月,さんがつ
四月,しがつ
五月,ごがつ
六月,ろくがつ
七月,しちがつ
八月,はちがつ
九月,くがつ
十月,じゅうがつ
十一月,じゅういちがつ
十二月,じゅうにがつ
一年,いちねん
二年,にねん
三年,さんねん
四年,よねん
五年,ごねん
六年,ろくねん
七年,しちねん
八年,はちねん
九年,くねん
十年,じゅうねん
百年,ひゃくねん
千年,せんねん
一時間,いちじかん
二時間,にじかん
三時間,さんじかん
半時間,はんじかん
一週間,いっしゅうかん
二週間,にしゅうかん
半年,はんとし
半月,はんつき
昭和,しょうわ
平成,へいせい
令和,れいわ
天候,てんこう
気象,きしょう
晴天,せいてん
曇天,どんてん
雨天,うてん
気温,きおん
気圧,きあつ
湿度,しつど
風速,ふうそく
風力,ふうりょく
暴風,ぼうふう
強風,きょうふう
微風,びふう
大雨,おおあめ
豪雨,ごうう
小雨,こさめ
春雨,しゅんう
梅雨,ばいう
大雪,おおゆき
豪雪,ごうせつ
吹雪,ふぶき
雪崩,なだれ
雷雨,らいう
雷電,らいでん
稲妻,いなずま
氾濫,はんらん
旱魃,かんばつ
噴火,ふんか
溶岩,ようがん
山頂,さんちょう
山麓,さんろく
山腹,さんぷく
山岳,さんがく
山道,さんどう
山間,さんかん
高山,こうざん
河口,かこう
河川,かせん
上流,じょうりゅう
中流,ちゅうりゅう
下流,かりゅう
海岸,かいがん
海底,かいてい
海面,かいめん
海流,かいりゅう
潮流,ちょうりゅう
満潮,まんちょう
干潮,かんちょう
深海,しんかい
浅海,せんかい
海峡,かいきょう
港湾,こうわん
盆地,ぼんち
高原,こうげん
台地,だいち
丘陵,きゅうりょう
荒野,こうや
草原,そうげん
湿地,しっち
大陸,たいりく
列島,れっとう
群島,ぐんとう
諸島,しょとう
北極,ほっきょく
南極,なんきょく
赤道,せきどう
緯度,いど
経度,けいど
標高,ひょうこう
海抜,かいばつ
東西,とうざい
南北,なんぼく
東北,とうほく
南西,なんせい
方角,ほうがく
方位,ほうい
大気,たいき
熱帯,ねったい
温帯,おんたい
寒帯,かんたい
乾燥,かんそう
湿潤,しつじゅん
温暖,おんだん
寒冷,かんれい
植林,しょくりん
植生,しょくせい
草木,そうもく
樹木,じゅもく
常緑,じょうりょく
落葉,らくよう
針葉,しんよう
広葉,こうよう
花壇,かだん
花粉,かふん
開花,かいか
満開,まんかい
散花,さんか
葉脈,ようみゃく
新緑,しんりょく
紅葉,こうよう
青葉,あおば
球根,きゅうこん
種子,しゅし
果実,かじつ
果樹,かじゅ
種苗,しゅびょう
竹林,ちくりん
林業,りんぎょう
伐採,ばっさい
植樹,しょくじゅ
稲作,いなさく
稲穂,いなほ
野菜,やさい
穀物,こくもつ
豆類,まめるい
牡丹,ぼたん
桔梗,ききょう
藤花,ふじか
桜花,おうか
梅花,ばいか
根茎,こんけい
葉緑,ようりょく
光合成,こうごうせい
家畜,かちく
鳥獣,ちょうじゅう
魚介,ぎょかい
昆虫,こんちゅう
哺乳類,ほにゅうるい
鳥類,ちょうるい
魚類,ぎょるい
獣医,じゅうい
牧畜,ぼくちく
牧場,ぼくじょう
飼育,しいく
飼料,しりょう
畜産,ちくさん
金魚,きんぎょ
生態,せいたい
生態系,せいたいけい
天敵,てんてき
益虫,えきちゅう
害虫,がいちゅう
寄生,きせい
共生,きょうせい
渡鳥,わたりどり
猛禽,もうきん
絶滅,ぜつめつ
人体,じんたい
体格,たいかく
体型,たいけい
体質,たいしつ
体力,たいりょく
体温,たいおん
体重,たいじゅう
頭部,とうぶ
顔面,がんめん
頭頂,とうちょう
視力,しりょく
視野,しや
眼球,がんきゅう
角膜,かくまく
網膜,もうまく
鼓膜,こまく
外耳,がいじ
内耳,ないじ
中耳,ちゅうじ
鼻腔,びくう
鼻炎,びえん
口腔,こうくう
歯肉,しにく
喉頭,こうとう
咽頭,いんとう
気管,きかん
食道,しょくどう
胸部,きょうぶ
肺活量,はいかつりょう
心臓,しんぞう
心拍,しんぱく
心室,しんしつ
心房,しんぼう
大動脈,だいどうみゃく
腹部,ふくぶ
胃壁,いへき
小腸,しょうちょう
大腸,だいちょう
盲腸,もうちょう
直腸,ちょくちょう
肝臓,かんぞう
膵臓,すいぞう
腎臓,じんぞう
膀胱,ぼうこう
子宮,しきゅう
卵巣,らんそう
脊椎,せきつい
骨髄,こつずい
骨盤,こつばん
関節,かんせつ
軟骨,なんこつ
筋肉,きんにく
皮膚,ひふ
表皮,ひょうひ
真皮,しんぴ
汗腺,かんせん
神経,しんけい
大脳,だいのう
小脳,しょうのう
脳幹,のうかん
脊髄,せきずい
血液,けつえき
血漿,けっしょう
赤血球,せっけっきゅう
白血球,はっけっきゅう
血小板,けっしょうばん
血型,けつがた
血圧,けつあつ
血管,けっかん
動脈,どうみゃく
静脈,じょうみゃく
免疫,めんえき
抗体,こうたい
抗原,こうげん
医師,いし
医院,いいん
病院,びょういん
診察,しんさつ
診断,しんだん
診療,しんりょう
治療,ちりょう
処置,しょち
手術,しゅじゅつ
投薬,とうやく
処方,しょほう
服薬,ふくやく
症状,しょうじょう
病状,びょうじょう
病名,びょうめい
急性,きゅうせい
慢性,まんせい
重症,じゅうしょう
軽症,けいしょう
重篤,じゅうとく
悪化,あっか
回復,かいふく
完治,かんち
発熱,はつねつ
高熱,こうねつ
微熱,びねつ
解熱,げねつ
頭痛,ずつう
腹痛,ふくつう
胸痛,きょうつう
腰痛,ようつう
骨折,こっせつ
脱臼,だっきゅう
捻挫,ねんざ
打撲,だぼく
感染,かんせん
細菌,さいきん
結核,けっかく
肺炎,はいえん
胃炎,いえん
腸炎,ちょうえん
肝炎,かんえん
腎炎,じんえん
糖尿病,とうにょうびょう
高血圧,こうけつあつ
低血圧,ていけつあつ
心臓病,しんぞうびょう
脳梗塞,のうこうそく
脳出血,のうしゅっけつ
救急,きゅうきゅう
応急,おうきゅう
救急車,きゅうきゅうしゃ
薬剤,やくざい
解熱剤,げねつざい
消炎,しょうえん
健康管理,けんこうかんり
健康診断,けんこうしんだん
定期検診,ていきけんしん
成人病,せいじんびょう
食中毒,しょくちゅうどく
花粉症,かふんしょう
不眠症,ふみんしょう
うつ病,うつびょう
認知症,にんちしょう
痴呆症,ちほうしょう
血液検査,けつえきけんさ
心電図,しんでんず
超音波,ちょうおんぱ
放射線,ほうしゃせん
内視鏡,ないしきょう
手術室,しゅじゅつしつ
父母,ふぼ
祖父,そふ
祖母,そぼ
夫婦,ふうふ
親子,おやこ
子孫,しそん
親族,しんぞく
血縁,けつえん
家庭,かてい
家系,かけい
家業,かぎょう
家計,かけい
長男,ちょうなん
長女,ちょうじょ
次男,じなん
次女,じじょ
末子,ばっし
嫡子,ちゃくし
養子,ようし
里子,さとご
孤児,こじ
結婚,けっこん
離婚,りこん
再婚,さいこん
婚約,こんやく
離別,りべつ
友人,ゆうじん
知人,ちじん
隣人,りんじん
他人,たにん
師弟,してい
師匠,ししょう
弟子,でし
門弟,もんてい
上司,じょうし
部下,ぶか
同僚,どうりょう
後輩,こうはい
先輩,せんぱい
恩人,おんじん
恩師,おんし
恩義,おんぎ
恩恵,おんけい
教師,きょうし
教員,きょういん
教授,きょうじゅ
講師,こうし
学生,がくせい
児童,じどう
幼児,ようじ
小学校,しょうがっこう
中学校,ちゅうがっこう
高等学校,こうとうがっこう
大学,だいがく
大学院,だいがくいん
専門学校,せんもんがっこう
入学,にゅうがく
退学,たいがく
卒業,そつぎょう
進学,しんがく
転校,てんこう
留学,りゅうがく
留年,りゅうねん
授業,じゅぎょう
講義,こうぎ
演習,えんしゅう
実習,じっしゅう
試験,しけん
入試,にゅうし
合格,ごうかく
不合格,ふごうかく
成績,せいせき
評定,ひょうてい
内申,ないしん
偏差値,へんさち
学期,がっき
夏休み,なつやすみ
冬休み,ふゆやすみ
春休み,はるやすみ
給食,きゅうしょく
運動会,うんどうかい
文化祭,ぶんかさい
修学旅行,しゅうがくりょこう
数学,すうがく
物理,ぶつり
化学,かがく
生物,せいぶつ
地理,ちり
歴史,れきし
英語,えいご
外国語,がいこくご
古文,こぶん
漢文,かんぶん
図工,ずこう
家庭科,かていか
就職,しゅうしょく
離職,りしょく
転職,てんしょく
退職,たいしょく
昇進,しょうしん
降格,こうかく
解雇,かいこ
雇用,こよう
給与,きゅうよ
給料,きゅうりょう
賃金,ちんぎん
報酬,ほうしゅう
残業,ざんぎょう
休暇,きゅうか
有休,ゆうきゅう
育休,いくきゅう
正社員,せいしゃいん
派遣,はけん
契約社員,けいやくしゃいん
管理職,かんりしょく
役員,やくいん
社長,しゃちょう
部長,ぶちょう
課長,かちょう
農家,のうか
漁師,りょうし
職人,しょくにん
技師,ぎし
技工,ぎこう
医者,いしゃ
看護師,かんごし
薬剤師,やくざいし
歯科医,しかい
弁護士,べんごし
検察官,けんさつかん
裁判官,さいばんかん
警察官,けいさつかん
消防士,しょうぼうし
自衛官,じえいかん
公務員,こうむいん
官僚,かんりょう
保育士,ほいくし
司書,ししょ
学芸員,がくげいいん
記者,きしゃ
編集者,へんしゅうしゃ
作家,さっか
詩人,しじん
画家,がか
彫刻家,ちょうこくか
音楽家,おんがくか
俳優,はいゆう
料理人,りょうりにん
調理師,ちょうりし
栄養士,えいようし
交通,こうつう
輸送,ゆそう
運送,うんそう
運輸,うんゆ
新幹線,しんかんせん
地下鉄,ちかてつ
路線バス,ろせんばす
航空,こうくう
飛行機,ひこうき
空港,くうこう
船舶,せんぱく
高速道路,こうそくどうろ
国道,こくどう
県道,けんどう
市道,しどう
信号,しんごう
標識,ひょうしき
横断歩道,おうだんほどう
運転,うんてん
操縦,そうじゅう
免許,めんきょ
免許証,めんきょしょう
事故,じこ
衝突,しょうとつ
追突,ついとつ
乗車,じょうしゃ
降車,こうしゃ
乗換,のりかえ
乗継,のりつぎ
発着,はっちゃく
帰還,きかん
政府,せいふ
内閣,ないかく
国会,こっかい
議会,ぎかい
議院,ぎいん
衆議院,しゅうぎいん
参議院,さんぎいん
委員会,いいんかい
総理大臣,そうりだいじん
大臣,だいじん
副大臣,ふくだいじん
政務官,せいむかん
与党,よとう
野党,やとう
多数党,たすうとう
少数党,しょうすうとう
地方自治,ちほうじち
都道府県,とどうふけん
市町村,しちょうそん
条例,じょうれい
省令,しょうれい
政令,せいれい
憲法,けんぽう
刑法,けいほう
民法,みんぽう
商法,しょうほう
裁判,さいばん
判決,はんけつ
控訴,こうそ
上告,じょうこく
確定,かくてい
被告,ひこく
原告,げんこく
検察,けんさつ
弁護,べんご
証言,しょうげん
逮捕,たいほ
拘留,こうりゅう
拘禁,こうきん
釈放,しゃくほう
刑罰,けいばつ
懲役,ちょうえき
禁錮,きんこ
罰金,ばっきん
死刑,しけい
三権分立,さんけんぶんりつ
投票,とうひょう
当選,とうせん
落選,らくせん
政策,せいさく
施策,しさく
予算,よさん
決算,けっさん
協定,きょうてい
大使,たいし
公使,こうし
領事,りょうじ
大使館,たいしかん
国連,こくれん
自衛,じえい
防衛,ぼうえい
基本権,きほんけん
参政権,さんせいけん
社会権,しゃかいけん
不平等,ふびょうどう
公正,こうせい
経済成長,けいざいせいちょう
景気,けいき
好景気,こうけいき
不景気,ふけいき
不況,ふきょう
恐慌,きょうこう
物価,ぶっか
金利,きんり
利子,りし
為替,かわせ
株式,かぶしき
債券,さいけん
投資,とうし
融資,ゆうし
銀行,ぎんこう
信用,しんよう
信用金庫,しんようきんこ
証券,しょうけん
会社,かいしゃ
企業,きぎょう
株主,かぶぬし
配当,はいとう
利益,りえき
売上,うりあげ
収益,しゅうえき
費用,ひよう
原価,げんか
利潤,りじゅん
輸出,ゆしゅつ
輸入,ゆにゅう
貿易黒字,ぼうえきくろじ
貿易赤字,ぼうえきあかじ
関税,かんぜい
保護貿易,ほごぼうえき
自由貿易,じゆうぼうえき
市場,しじょう
独占,どくせん
寡占,かせん
垂直統合,すいちょくとうごう
消費税,しょうひぜい
所得税,しょとくぜい
法人税,ほうじんぜい
社会保障,しゃかいほしょう
医療保険,いりょうほけん
雇用保険,こようほけん
生活保護,せいかつほご
富裕,ふゆう
中産階級,ちゅうさんかいきゅう
労働,ろうどう
最低賃金,さいていちんぎん
生産性,せいさんせい
効率化,こうりつか
自動化,じどうか
合理化,ごうりか
物理学,ぶつりがく
生物学,せいぶつがく
天文学,てんもんがく
地球科学,ちきゅうかがく
海洋学,かいようがく
気象学,きしょうがく
素粒子,そりゅうし
原子,げんし
分子,ぶんし
電子,でんし
核融合,かくゆうごう
核分裂,かくぶんれつ
放射能,ほうしゃのう
電力,でんりょく
磁力,じりょく
引力,いんりょく
重力,じゅうりょく
電磁波,でんじは
光速,こうそく
音速,おんそく
化合物,かごうぶつ
混合物,こんごうぶつ
元素,げんそ
周期表,しゅうきひょう
酸化,さんか
還元,かんげん
中和,ちゅうわ
電解,でんかい
細胞,さいぼう
遺伝,いでん
遺伝子,いでんし
染色体,せんしょくたい
進化,しんか
突然変異,とつぜんへんい
自然選択,しぜんせんたく
人工知能,じんこうちのう
機械学習,きかいがくしゅう
深層学習,しんそうがくしゅう
情報処理,じょうほうしょり
暗号化,あんごうか
通信網,つうしんもう
衛星,えいせい
宇宙,うちゅう
宇宙開発,うちゅうかいはつ
探査,たんさ
観測,かんそく
実証,じっしょう
再現性,さいげんせい
科学的,かがくてき
文学,ぶんがく
小説,しょうせつ
詩集,ししゅう
随筆,ずいひつ
戯曲,ぎきょく
俳句,はいく
短歌,たんか
和歌,わか
漢詩,かんし
古典,こてん
絵画,かいが
彫刻,ちょうこく
陶芸,とうげい
工芸,こうげい
書道,しょどう
写真,しゃしん
映像,えいぞう
演劇,えんげき
舞踊,ぶよう
歌舞伎,かぶき
能楽,のうがく
狂言,きょうげん
落語,らくご
交響曲,こうきょうきょく
室内楽,しつないがく
協奏曲,きょうそうきょく
声楽,せいがく
博物館,はくぶつかん
美術館,びじゅつかん
記念館,きねんかん
世界遺産,せかいいさん
文化財,ぶんかざい
国宝,こくほう
野球,やきゅう
水泳,すいえい
陸上,りくじょう
柔道,じゅうどう
剣道,けんどう
相撲,すもう
卓球,たっきゅう
体操,たいそう
登山,とざん
水球,すいきゅう
五輪,ごりん
代表,だいひょう
予選,よせん
決勝,けっしょう
記録,きろく
形而上学,けいじじょうがく
存在論,そんざいろん
認識論,にんしきろん
論理学,ろんりがく
倫理学,りんりがく
美学,びがく
観念論,かんねんろん
唯物論,ゆいぶつろん
弁証法,べんしょうほう
実存主義,じつぞんしゅぎ
実用主義,じつようしゅぎ
功利主義,こうりしゅぎ
社会主義,しゃかいしゅぎ
共産主義,きょうさんしゅぎ
資本主義,しほんしゅぎ
民主主義,みんしゅしゅぎ
自由主義,じゆうしゅぎ
保守主義,ほしゅしゅぎ
仏教,ぶっきょう
神道,しんとう
キリスト教,きりすときょう
イスラム教,いすらむきょう
宗派,しゅうは
宗教的,しゅうきょうてき
信仰,しんこう
信者,しんじゃ
礼拝,れいはい
奉納,ほうのう
参拝,さんぱい
聖書,せいしょ
経典,きょうてん
教義,きょうぎ
戒律,かいりつ
風習,ふうしゅう
慣習,かんしゅう
儀式,ぎしき
礼儀,れいぎ
喜怒,きど
悲哀,ひあい
憎悪,ぞうお
嫌悪,けんお
羨望,せんぼう
嫉妬,しっと
羞恥,しゅうち
恐怖,きょうふ
驚愕,きょうがく
感動,かんどう
感激,かんげき
感謝,かんしゃ
満足,まんぞく
不満,ふまん
安堵,あんど
失望,しつぼう
絶望,ぜつぼう
希望,きぼう
期待,きたい
好奇心,こうきしん
探究心,たんきゅうしん
向上心,こうじょうしん
野心,やしん
慈悲,じひ
思いやり,おもいやり
親切,しんせつ
優しさ,やさしさ
誠実,せいじつ
正直,しょうじき
誠意,せいい
誠心,せいしん
冷静,れいせい
沈着,ちんちゃく
冷淡,れいたん
無関心,むかんしん
積極的,せっきょくてき
消極的,しょうきょくてき
楽観的,らっかんてき
悲観的,ひかんてき
謙遜,けんそん
謙謙,けんけん
自尊,じそん
自惚,うぬぼれ
臆病,おくびょう
勇敢,ゆうかん
大胆,だいたん
軽率,けいそつ
慎み,つつしみ
思慮,しりょ
固執,こしつ
柔軟,じゅうなん
頑固,がんこ
勤勉,きんべん
怠慢,たいまん
几帳面,きちょうめん
大雑把,おおざっぱ
忍耐,にんたい
辛抱,しんぼう
我慢,がまん
堪忍,かんにん
繊細,せんさい
鈍感,どんかん
敏感,びんかん
無神経,むしんけい
少子化,しょうしか
高齢化,こうれいか
人口減少,じんこうげんしょう
移民,いみん
難民,なんみん
亡命,ぼうめい
在留,ざいりゅう
格差社会,かくさしゃかい
貧富,ひんぷ
弱者,じゃくしゃ
強者,きょうしゃ
暴力,ぼうりょく
虐待,ぎゃくたい
環境問題,かんきょうもんだい
脱炭素,だつたんそ
再生可能,さいせいかのう
循環型,じゅんかんがた
持続可能,じぞくかのう
情報格差,じょうほうかくさ
デジタル化,でじたるか
個人情報,こじんじょうほう
サイバー犯罪,さいばーはんざい
医療崩壊,いりょうほうかい
感染拡大,かんせんかくだい
緊急事態,きんきゅうじたい
行動,こうどう
活動,かつどう
移動,いどう
転換,てんかん
変化,へんか
変動,へんどう
変革,へんかく
変容,へんよう
変遷,へんせん
発展,はってん
発達,はったつ
成長,せいちょう
進歩,しんぽ
退化,たいか
衰退,すいたい
崩壊,ほうかい
消滅,しょうめつ
製造,せいぞう
生産,せいさん
建設,けんせつ
破壊,はかい
撤去,てっきょ
解体,かいたい
分解,ぶんかい
収集,しゅうしゅう
整理,せいり
分類,ぶんるい
整頓,せいとん
比較,ひかく
対照,たいしょう
対比,たいひ
対照的,たいしょうてき
解析,かいせき
査定,さてい
立案,りつあん
策定,さくてい
設計,せっけい
実行,じっこう
実践,じっせん
遂行,すいこう
確認,かくにん
検証,けんしょう
審査,しんさ
報告,ほうこく
通知,つうち
連絡,れんらく
伝達,でんたつ
交渉,こうしょう
調停,ちょうてい
仲裁,ちゅうさい
競合,きょうごう
対抗,たいこう
対峙,たいじ
支援,しえん
援助,えんじょ
補助,ほじょ
補完,ほかん
監視,かんし
捜査,そうさ
防止,ぼうし
抑止,よくし
制止,せいし
阻止,そし
承認,しょうにん
認可,にんか
却下,きゃっか
拒否,きょひ
崇高,すうこう
稀少,きしょう
稀有,けう
稀代,きだい
隔絶,かくぜつ
乖離,かいり
齟齬,そご
乖乗,かいじょう
蔑視,べっし
侮蔑,ぶべつ
軽蔑,けいべつ
嘲笑,ちょうしょう
詐欺,さぎ
欺瞞,ぎまん
捏造,ねつぞう
偽造,ぎぞう
改竄,かいざん
隠蔽,いんぺい
秘匿,ひとく
抹消,まっしょう
隠滅,いんめつ
逸脱,いつだつ
逸話,いつわ
逸材,いつざい
逸品,いっぴん
冶金,やきん
鍛錬,たんれん
精錬,せいれん
溶接,ようせつ
錬磨,れんま
陶冶,とうや
薫陶,くんとう
俯瞰,ふかん
傍観,ぼうかん
観望,かんぼう
傍聴,ぼうちょう
仲介,ちゅうかい
媒介,ばいかい
媒体,ばいたい
哀愁,あいしゅう
哀悼,あいとう
弔意,ちょうい
哀惜,あいせき
奇怪,きかい
怪奇,かいき
神秘,しんぴ
幻想,げんそう
幻覚,げんかく
模糊,もこ
朦朧,もうろう
暖昧,あいまい
精巧,せいこう
精密,せいみつ
緻密,ちみつ
細密,さいみつ
壮大,そうだい
雄大,ゆうだい
壮絶,そうぜつ
壮観,そうかん
卑劣,ひれつ
卑怯,ひきょう
姑息,こそく
陰湿,いんしつ
剽窃,ひょうせつ
盗用,とうよう
流用,りゅうよう
転用,てんよう
滑稽,こっけい
諧謔,かいぎゃく
洒落,しゃれ
機知,きち
怨恨,えんこん
恨み,うらみ
遺恨,いこん
積怨,せきえん
猛烈,もうれつ
熾烈,しれつ
激烈,げきれつ
苛烈,かれつ
懸命,けんめい
必死,ひっし
死力,しりょく
全力,ぜんりょく
漲る,みなぎる
滲む,にじむ
漂う,ただよう
揺れる,ゆれる
傑出,けっしゅつ
卓越,たくえつ
超越,ちょうえつ
抜群,ばつぐん
陳腐,ちんぷ
月並,つきなみ
平凡,へいぼん
通俗,つうぞく
奇特,きとく
篤実,とくじつ
誠篤,せいとく
純朴,じゅんぼく
奔走,ほんそう
尽力,じんりょく
粉骨,ふんこつ
砕身,さいしん
欣喜,きんき
雀躍,じゃくやく
狂喜,きょうき
歓喜,かんき
萎縮,いしゅく
委縮,いしゅく
萎靡,いび
沈滞,ちんたい
肝要,かんよう
緊要,きんよう
肝心,かんじん
枢要,すうよう
旺盛,おうせい
盛況,せいきょう
繁盛,はんじょう
繁栄,はんえい
衰頽,すいたい
頽廃,たいはい
頽落,たいらく
憤慨,ふんがい
慷慨,こうがい
義憤,ぎふん
憤激,ふんげき
嘆願,たんがん
懇願,こんがん
哀願,あいがん
切願,せつがん
概嘆,がいたん
慨嘆,がいたん
感嘆,かんたん
嘆息,たんそく
呵責,かしゃく
督促,とくそく
融通,ゆうずう
融和,ゆうわ
宥和,ゆうわ
和解,わかい
軋轢,あつれき
摩擦,まさつ
確執,かくしつ
軋み,きしみ
嗜癖,しへき
中毒,ちゅうどく
敷衍,ふえん
敷延,ふえん
衍義,えんぎ
演繹,えんえき
凌駕,りょうが
颯爽,さっそう
凜凜,りんりん
飄飄,ひょうひょう
鬱勃,うつぼつ
勃興,ぼっこう
蹶起,けっき
眩惑,げんわく
惑溺,わくでき
眩暈,めまい
喧噪,けんそう
喧騒,けんそう
聒噪,かっそう
嘯く,うそぶく
呻吟,しんぎん
喘ぐ,あえぐ
囁く,ささやく
喝破,かっぱ
徘徊,はいかい
蹌踉,そうろう
攫う,さらう
翻弄,ほんろう
籠絡,ろうらく
蠱惑,こわく
醜態,しゅうたい
狼藉,ろうぜき
狼狽,ろうばい
灼熱,しゃくねつ
酷暑,こくしょ
猛暑,もうしょ
極寒,ごっかん
漆黒,しっこく
漆闇,うるしやみ
暗澹,あんたん
薄暮,はくぼ
蒼白,そうはく
血色,けっしょく
青白,あおじろ
薫風,くんぷう
爽涼,そうりょう
清爽,せいそう
清澄,せいちょう
喧喧,けんけん
囂囂,ごうごう
轟轟,ごうごう
轟然,ごうぜん
黎明,れいめい
払暁,ふつぎょう
曙光,しょこう
暁天,ぎょうてん
鬱蒼,うっそう
蕭然,しょうぜん
寥寥,りょうりょう
蕩蕩,とうとう
漫漫,まんまん
渺渺,びょうびょう
茫漠,ぼうばく
以夷制夷,いいせいい
遠交近攻,えんこうきんこう
弱肉強食,じゃくにくきょうしょく
優勝劣敗,ゆうしょうれっぱい
適者生存,てきしゃせいぞん
自然淘汰,しぜんとうた
一挙両得,いっきょりょうとく
一喜一憂,いっきいちゆう
一触即発,いっしょくそくはつ
一朝一夕,いっちょういっせき
一念発起,いちねんほっき
一致団結,いっちだんけつ
一進一退,いっしんいったい
一日千秋,いちじつせんしゅう
一目瞭然,いちもくりょうぜん
因果応報,いんがおうほう
陰徳陽報,いんとくようほう
右顧左眄,うこさべん
烏合之衆,うごうのしゅう
雲散霧消,うんさんむしょう
栄枯盛衰,えいこせいすい
温厚篤実,おんこうとくじつ
我田引水,がでんいんすい
完全無欠,かんぜんむけつ
管鮑之交,かんぽうのまじわり
危機一髪,ききいっぱつ
起死回生,きしかいせい
奇想天外,きそうてんがい
旧態依然,きゅうたいいぜん
急転直下,きゅうてんちょっか
共存共栄,きょうぞんきょうえい
空理空論,くうりくうろん
鶏鳴狗盗,けいめいくとう
言語道断,ごんごどうだん
五里霧中,ごりむちゅう
公明正大,こうめいせいだい
好事多魔,こうじたま
荒唐無稽,こうとうむけい
巧言令色,こうげんれいしょく
光輝燦然,こうきさんぜん
古今東西,ここんとうざい
孤軍奮闘,こぐんふんとう
五臓六腑,ごぞうろっぷ
五風十雨,ごふうじゅうう
三寒四温,さんかんしおん
三拝九拝,さんぱいきゅうはい
三位一体,さんみいったい
自給自足,じきゅうじそく
四苦八苦,しくはっく
十人十色,じゅうにんといろ
順風満帆,じゅんぷうまんぱん
焦眉之急,しょうびのきゅう
初志貫徹,しょしかんてつ
諸行無常,しょぎょうむじょう
心機一転,しんきいってん
森羅万象,しんらばんしょう
生死一如,しょうしいちにょ
青息吐息,あおいきといき
絶体絶命,ぜったいぜつめい
前途洋洋,ぜんとようよう
前途多難,ぜんとたなん
走馬灯,そうまとう
即断即決,そくだんそっけつ
大義名分,たいぎめいぶん
大山鳴動,たいざんめいどう
単刀直入,たんとうちょくにゅう
断崖絶壁,だんがいぜっぺき
朝令暮改,ちょうれいぼかい
徹頭徹尾,てっとうてつび
天下泰平,てんかたいへい
天真爛漫,てんしんらんまん
天地無用,てんちむよう
同工異曲,どうこういきょく
独断専行,どくだんせんこう
内憂外患,ないゆうがいかん
難攻不落,なんこうふらく
二束三文,にそくさんもん
日進月歩,にっしんげっぽ
人事尽力,じんじつくす
破竹之勢,はちくのいきおい
反面教師,はんめんきょうし
百戦錬磨,ひゃくせんれんま
百発百中,ひゃっぱつひゃくちゅう
品行方正,ひんこうほうせい
風林火山,ふうりんかざん
無念無想,むねんむそう
無病息災,むびょうそくさい
明朗闊達,めいろうかったつ
門外不出,もんがいふしゅつ
唯我独尊,ゆいがどくそん
融通無碍,ゆうずうむげ
用意周到,よういしゅうとう
陽動作戦,ようどうさくせん
六根清浄,ろっこんしょうじょう
老若男女,ろうにゃくなんにょ
話半分,はなしはんぶん
和光同塵,わこうどうじん
和洋折衷,わようせっちゅう
会議室,かいぎしつ
事務局,じむきょく
管理部,かんりぶ
総務課,そうむか
国際化,こくさいか
情報化,じょうほうか
多様化,たようか
複雑化,ふくざつか
安全性,あんぜんせい
利便性,りべんせい
重要性,じゅうようせい
可能性,かのうせい
必要性,ひつようせい
正確性,せいかくせい
危険性,きけんせい
効果的,こうかてき
能動的,のうどうてき
受動的,じゅどうてき
具体的,ぐたいてき
抽象的,ちゅうしょうてき
理想的,りそうてき
現実的,げんじつてき
合理的,ごうりてき
非合理,ひごうり
象徴的,しょうちょうてき
革命的,かくめいてき
画期的,かっきてき
歴史的,れきしてき
文化的,ぶんかてき
経済的,けいざいてき
政治的,せいじてき
社会的,しゃかいてき
倫理的,りんりてき
技術的,ぎじゅつてき
哲学的,てつがくてき
精神的,せいしんてき
肉体的,にくたいてき
身体的,しんたいてき
感情的,かんじょうてき
論理的,ろんりてき
感覚的,かんかくてき
意識的,いしきてき
無意識,むいしき
潜在的,せんざいてき
公共性,こうきょうせい
社会性,しゃかいせい
個人性,こじんせい
独自性,どくじせい
普遍性,ふへんせい
特殊性,とくしゅせい
緊急性,きんきゅうせい
優先性,ゆうせんせい
適切性,てきせつせい
体験談,たいけんだん
証言集,しょうげんしゅう
記録集,きろくしゅう
編集部,へんしゅうぶ
取材班,しゅざいはん
報道陣,ほうどうじん
消費者,しょうひしゃ
生産者,せいさんしゃ
流通業,りゅうつうぎょう
輸出入,ゆしゅつにゅう
貿易額,ぼうえきがく
経済圏,けいざいけん
商業地,しょうぎょうち
工業地,こうぎょうち
農業地,のうぎょうち
観光地,かんこうち
住宅地,じゅうたくち
商業施設,しょうぎょうしせつ
公共施設,こうきょうしせつ
医療機関,いりょうきかん
教育機関,きょういくきかん
研究機関,けんきゅうきかん
行政機関,ぎょうせいきかん
非政府,ひせいふ
非営利,ひえいり
民間団体,みんかんだんたい
読書,どくしょ
作文,さくぶん
習字,しゅうじ
暗記,あんき
理解力,りかいりょく
表現力,ひょうげんりょく
想像力,そうぞうりょく
集中力,しゅうちゅうりょく
記憶力,きおくりょく
判断力,はんだんりょく
計算,けいさん
確率,かくりつ
比率,ひりつ
割合,わりあい
割引,わりびき
割増,わりまし
軽減,けいげん
増加,ぞうか
減少,げんしょう
増減,ぞうげん
急増,きゅうぞう
急減,きゅうげん
急騰,きゅうとう
急落,きゅうらく
回答,かいとう
解答,かいとう
答案,とうあん
正答,せいとう
誤答,ごとう
回収,かいしゅう
廃棄,はいき
処分,しょぶん
廃棄物,はいきぶつ
分別,ぶんべつ
再利用,さいりよう
資源,しげん
天然資源,てんねんしげん
水資源,みずしげん
土地,とち
所有,しょゆう
占有,せんゆう
利用,りよう
活用,かつよう
移転,いてん
移管,いかん
管理,かんり
運営,うんえい
維持,いじ
保守,ほしゅ
点検,てんけん
修理,しゅうり
修繕,しゅうぜん
改修,かいしゅう
補修,ほしゅう
更新,こうしん
取替,とりかえ
交換,こうかん
代替,だいたい
置換,ちかん
試案,しあん
草案,そうあん
原案,げんあん
修正案,しゅうせいあん
改正案,かいせいあん
対案,たいあん
代替案,だいたいあん
目安,めやす
基準,きじゅん
標準,ひょうじゅん
規格,きかく
仕様,しよう
規定,きてい
定義,ていぎ
解釈,かいしゃく
文脈,ぶんみゃく
文脈的,ぶんみゃくてき
普及,ふきゅう
浸透,しんとう
拡大,かくだい
拡散,かくさん
縮小,しゅくしょう
圧縮,あっしゅく
凝縮,ぎょうしゅく
分散,ぶんさん
集中,しゅうちゅう
集積,しゅうせき
集合,しゅうごう
集会,しゅうかい
会合,かいごう
会議,かいぎ
懇談,こんだん
懇親,こんしん
懇親会,こんしんかい
会食,かいしょく
宴会,えんかい
謝罪文,しゃざいぶん
謝辞,しゃじ
陳謝,ちんしゃ
抗議,こうぎ
申し入れ,もうしいれ
要請,ようせい
陳情,ちんじょう
請願,せいがん
訴訟,そしょう
提訴,ていそ
告発,こくはつ
告訴,こくそ
起訴,きそ
不起訴,ふきそ
示談,じだん
敗訴,はいそ
勝訴,しょうそ
上訴,じょうそ
抗告,こうこく
実刑,じっけい
執行猶予,しっこうゆうよ
仮釈放,かりしゃくほう
氏名,しめい
住所,じゅうしょ
電話番号,でんわばんごう
生年月日,せいねんがっぴ
国籍,こくせき
戸籍,こせき
在留資格,ざいりゅうしかく
登録,とうろく
届出,とどけで
手続,てつづき
証明書,しょうめいしょ
身分証,みぶんしょう
保険証,ほけんしょう
年金手帳,ねんきんてちょう
確定申告,かくていしんこく
源泉徴収,げんせんちょうしゅう
申告,しんこく
課税,かぜい
非課税,ひかぜい
控除,こうじょ
還付,かんぷ
徴税,ちょうぜい
税務,ぜいむ
決算書,けっさんしょ
財務諸表,ざいむしょひょう
簿記,ぼき
仕訳,しわけ
帳簿,ちょうぼ
台帳,だいちょう
預金,よきん
貯金,ちょきん
出金,しゅっきん
入金,にゅうきん
振込,ふりこみ
引落,ひきおとし
送金,そうきん
両替,りょうがえ
利息,りそく
複利,ふくり
単利,たんり
元本,がんぽん
元金,がんきん
返済,へんさい
借金,しゃっきん
債務,さいむ
債権,さいけん
担保,たんぽ
抵当,ていとう
保証,ほしょう
連帯保証,れんたいほしょう
倒産,とうさん
破産,はさん
民事再生,みんじさいせい
合併,がっぺい
買収,ばいしゅう
吸収合併,きゅうしゅうがっぺい
分社,ぶんしゃ
分割,ぶんかつ
子会社,こがいしゃ
親会社,おやがいしゃ
関連会社,かんれんがいしゃ
上場,じょうじょう
非上場,ひじょうじょう
株式公開,かぶしきこうかい
公募,こうぼ
私募,しぼ
時価総額,じかそうがく
国語力,こくごりょく
語彙力,ごいりょく
文章力,ぶんしょうりょく
読解力,どっかいりょく
記述力,きじゅつりょく
発信力,はっしんりょく
受信力,じゅしんりょく
情報力,じょうほうりょく
交渉力,こうしょうりょく
説得力,せっとくりょく
統率力,とうそつりょく
指導力,しどうりょく
行動力,こうどうりょく
実行力,じっこうりょく
課題解決,かだいかいけつ
問題解決,もんだいかいけつ
意思決定,いしけってい
戦略策定,せんりゃくさくてい
事業計画,じぎょうけいかく
事業開発,じぎょうかいはつ
商品開発,しょうひんかいはつ
市場調査,しじょうちょうさ
需要予測,じゅようよそく
在庫管理,ざいこかんり
品質管理,ひんしつかんり
生産管理,せいさんかんり
原価管理,げんかかんり
顧客満足,こきゃくまんぞく
顧客管理,こきゃくかんり
顧客開拓,こきゃくかいたく
販売戦略,はんばいせんりゃく
広告,こうこく
宣伝,せんでん
提案書,ていあんしょ
企画書,きかくしょ
報告書,ほうこくしょ
議事録,ぎじろく
覚書,おぼえがき
契約書,けいやくしょ
念書,ねんしょ
在宅,ざいたく
通勤,つうきん
出社,しゅっしゃ
在宅勤務,ざいたくきんむ
副業,ふくぎょう
兼業,けんぎょう
起業,きぎょう
廃業,はいぎょう
開業,かいぎょう
閉業,へいぎょう
休業,きゅうぎょう
工場,こうじょう
倉庫,そうこ
配送,はいそう
物流,ぶつりゅう
卸売,おろしうり
小売,こうり
直売,ちょくばい
通販,つうはん
電商,でんしょう
暗号,あんごう
認証,にんしょう
著作権,ちょさくけん
知的財産,ちてきざいさん
特許,とっきょ
商標,しょうひょう
意匠,いしょう
実用新案,じつようしんあん
企画,きかく
展開,てんかい
推進,すいしん
促進,そくしん
加速,かそく
導入,どうにゅう
実装,じっそう
運用,うんよう
廃止,はいし
再設計,さいせっけい
最適化,さいてきか
標準化,ひょうじゅんか
AI活用,えーあいかつよう
データ分析,でーたぶんせき
画像認識,がぞうにんしき
音声認識,おんせいにんしき
予測分析,よそくぶんせき
可視化,かしか
再生可能エネルギー,さいせいかのうえねるぎー
風力発電,ふうりょくはつでん
水力発電,すいりょくはつでん
地熱発電,ちねつはつでん
火力発電,かりょくはつでん
節電,せつでん
省エネ,しょうえね
環境負荷,かんきょうふか
蓄電池,ちくでんち
気候変動,きこうへんどう
異常気象,いじょうきしょう
海面上昇,かいめんじょうしょう
外来種,がいらいしゅ
生態系サービス,せいたいけいさーびす
核廃棄物,かくはいきぶつ
大気汚染,たいきおせん
水質汚濁,すいしつおだく
土壌汚染,どじょうおせん
騒音公害,そうおんこうがい
振動公害,しんどうこうがい
地域,ちいき
地区,ちく
地帯,ちたい
地層,ちそう
地表,ちひょう
地盤,じばん
地価,ちか
地権,ちけん
地主,じぬし
地番,ちばん
住居,じゅうきょ
居住,きょじゅう
家屋,かおく
建物,たてもの
建造,けんぞう
構造,こうぞう
設備,せつび
施設,しせつ
装置,そうち
器具,きぐ
工具,こうぐ
機器,きき
機材,きざい
資材,しざい
原料,げんりょう
材料,ざいりょう
素材,そざい
部品,ぶひん
製品,せいひん
商品,しょうひん
物品,ぶっぴん
品物,しなもの
価格,かかく
値段,ねだん
定価,ていか
特価,とっか
卸値,おろしね
小売値,こうりね
値引,ねびき
増税,ぞうぜい
減税,げんぜい
節税,せつぜい
脱税,だつぜい
予備費,よびひ
積立,つみたて
準備金,じゅんびきん
補正,ほせい
修正,しゅうせい
訂正,ていせい
改正,かいせい
撤廃,てっぱい
採用,さいよう
試験的,しけんてき
実証実験,じっしょうじっけん
事業者,じぎょうしゃ
運営者,うんえいしゃ
管理者,かんりしゃ
利用者,りようしゃ
顧客,こきゃく
取引先,とりひきさき
仕入先,しいれさき
販売先,はんばいさき
外注,がいちゅう
委託,いたく
請負,うけおい
受託,じゅたく
契約,けいやく
締結,ていけつ
解除,かいじょ
解約,かいやく
変更,へんこう
追加,ついか
削除,さくじょ
承諾,しょうだく
承諾書,しょうだくしょ
議案,ぎあん
動議,どうぎ
採決,さいけつ
賛否,さんぴ
賛成,さんせい
反対,はんたい
棄権,きけん
過半数,かはんすう
全会一致,ぜんかいいっち
国民,こくみん
市民,しみん
住民,じゅうみん
都民,とみん
県民,けんみん
村民,そんみん
町民,ちょうみん
公民,こうみん
庶民,しょみん
平民,へいみん
貴族,きぞく
武士,ぶし
武家,ぶけ
武士道,ぶしどう
騎士,きし
封建,ほうけん
幕府,ばくふ
幕藩,ばくはん
士農工商,しのうこうしょう
身分制,みぶんせい
革命,かくめい
維新,いしん
近代化,きんだいか
近代,きんだい
現代,げんだい
現代化,げんだいか
民主化,みんしゅか
自由化,じゅうか
規制緩和,きせいかんわ
占領,せんりょう
解放,かいほう
独立,どくりつ
統一,とういつ
分裂,ぶんれつ
分離,ぶんり
統合,とうごう
合邦,がっぽう
同盟,どうめい
連盟,れんめい
連合,れんごう
加盟,かめい
脱退,だったい
加入,かにゅう
退会,たいかい
除名,じょめい
戦後,せんご
戦前,せんぜん
戦中,せんちゅう
戦時,せんじ
平時,へいじ
有事,ゆうじ
非常,ひじょう
戒厳,かいげん
戒厳令,かいげんれい
非常事態,ひじょうじたい
復旧,ふっきゅう
復興,ふっこう
再建,さいけん
建直,たてなおし
被災,ひさい
被害,ひがい
損害,そんがい
被害者,ひがいしゃ
加害者,かがいしゃ
容疑者,ようぎしゃ
被疑者,ひぎしゃ
参考人,さんこうにん
証人,しょうにん
目撃者,もくげきしゃ
物証,ぶっしょう
状況証拠,じょうきょうしょうこ
動機,どうき
手口,てぐち
共犯,きょうはん
主犯,しゅはん
従犯,じゅうはん
共謀,きょうぼう
窃盗,せっとう
強盗,ごうとう
恐喝,きょうかつ
脅迫,きょうはく
誘拐,ゆうかい
監禁,かんきん
暴行,ぼうこう
殺人,さつじん
傷害,しょうがい
放火,ほうか
不法,ふほう
違法,いほう
合法,ごうほう
適法,てきほう
脱法,だっぽう
執行,しっこう
履行,りこう
不履行,ふりこう
損害賠償,そんがいばいしょう
慰謝料,いしゃりょう
示談金,じだんきん
和解金,わかいきん
加速度,かそくど
角速度,かくそくど
角加速度,かくかそくど
運動量,うんどうりょう
慣性,かんせい
質量,しつりょう
密度,みつど
体積,たいせき
表面積,ひょうめんせき
面積,めんせき
体積分,たいせきぶん
熱量,ねつりょう
熱伝導,ねつでんどう
熱対流,ねつたいりゅう
熱放射,ねつほうしゃ
波長,はちょう
振幅,しんぷく
振動数,しんどうすう
周波数,しゅうはすう
電圧,でんあつ
電流,でんりゅう
抵抗,ていこう
磁場,じば
電場,でんば
電磁気,でんじき
呼吸,こきゅう
代謝,たいしゃ
光子,こうし
陽子,ようし
中性子,ちゅうせいし
原子核,げんしかく
軌道,きどう
電子殻,でんしかく
酸素,さんそ
窒素,ちっそ
水素,すいそ
炭素,たんそ
金属,きんぞく
非金属,ひきんぞく
半導体,はんどうたい
絶縁体,ぜつえんたい
超電導,ちょうでんどう
活性化,かっせいか
触媒,しょくばい
反応速度,はんのうそくど
化学反応,かがくはんのう
化学式,かがくしき
化学結合,かがくけつごう
共有結合,きょうゆうけつごう
イオン結合,いおんけつごう
溶液,ようえき
溶質,ようしつ
溶媒,ようばい
濃度,のうど
飽和,ほうわ
析出,せきしゅつ
結晶,けっしょう
アミノ酸,あみのさん
蛋白質,たんぱくしつ
核酸,かくさん
増殖,ぞうしょく
天体,てんたい
惑星,わくせい
彗星,すいせい
小惑星,しょうわくせい
流星,りゅうせい
星雲,せいうん
銀河,ぎんが
宇宙線,うちゅうせん
重力波,じゅうりょくは
中性子星,ちゅうせいしせい
恒星,こうせい
白色矮星,はくしょくわいせい
超新星,ちょうしんせい
衣食住,いしょくじゅう
衣料,いりょう
被服,ひふく
衣類,いるい
服装,ふくそう
和服,わふく
洋服,ようふく
礼服,れいふく
正装,せいそう
略装,りゃくそう
普段着,ふだんぎ
外出,がいしゅつ
通学,つうがく
散歩,さんぽ
観光,かんこう
遠征,えんせい
帰省,きせい
帰国,きこく
出国,しゅっこく
入国,にゅうこく
滞在,たいざい
在住,ざいじゅう
移住,いじゅう
定住,ていじゅう
育児,いくじ
子育て,こそだて
保育,ほいく
幼児教育,ようじきょういく
介護,かいご
老人介護,ろうじんかいご
老人ホーム,ろうじんほーむ
老後,ろうご
余生,よせい
引退,いんたい
定年,ていねん
趣味,しゅみ
娯楽,ごらく
余暇,よか
休日,きゅうじつ
祝日,しゅくじつ
連休,れんきゅう
週末,しゅうまつ
誕生日,たんじょうび
記念日,きねんび
祝い,いわい
結婚式,けっこんしき
披露宴,ひろうえん
葬儀,そうぎ
葬式,そうしき
法事,ほうじ
初詣,はつもうで
除夜,じょや
元旦,がんたん
節分,せつぶん
雛祭,ひなまつり
端午,たんご
七夕,たなばた
月見,つきみ
大晦日,おおみそか
郷土,きょうど
郷里,きょうり
故郷,こきょう
地元,じもと
土地柄,とちがら
方言,ほうげん
訛り,なまり
文化圏,ぶんかけん
伝統工芸,でんとうこうげい
民芸,みんげい
工芸品,こうげいひん
漆器,しっき
陶磁器,とうじき
陶器,とうき
磁器,じき
織物,おりもの
染物,そめもの
農耕,のうこう
漁業,ぎょぎょう
採掘,さいくつ
採鉱,さいこう
製造業,せいぞうぎょう
建設業,けんせつぎょう
サービス業,さーびすぎょう
金融業,きんゆうぎょう
医療業,いりょうぎょう
教育業,きょういくぎょう
一般,いっぱん
特殊,とくしゅ
特別,とくべつ
特典,とくてん
恩典,おんてん
優遇,ゆうぐう
冷遇,れいぐう
不遇,ふぐう
適宜,てきぎ
随時,ずいじ
臨時,りんじ
常設,じょうせつ
暫定,ざんてい
本格,ほんかく
段階的,だんかいてき
漸進的,ぜんしんてき
急進的,きゅうしんてき
抜本的,ばっぽんてき
根本的,こんぽんてき
抜本,ばっぽん
全面的,ぜんめんてき
部分的,ぶぶんてき
総合的,そうごうてき
個別的,こべつてき
包括的,ほうかつてき
選択的,せんたくてき
包括,ほうかつ
網羅,もうら
総括,そうかつ
要約,ようやく
概括,がいかつ
概略,がいりゃく
概要,がいよう
要旨,ようし
趣旨,しゅし
主旨,しゅし
眼目,がんもく
核心,かくしん
本質,ほんしつ
本旨,ほんし
真意,しんい
真相,しんそう
真実,しんじつ
虚偽,きょぎ
虚実,きょじつ
虚構,きょこう
架空,かくう
仮想,かそう
想定,そうてい
推定,すいてい
見解,けんかい
所見,しょけん
所感,しょかん
感想,かんそう
心証,しんしょう
印象的,いんしょうてき
象徴,しょうちょう
比喩,ひゆ
暗喩,あんゆ
直喩,ちょくゆ
隠喩,いんゆ
擬人,ぎじん
擬声,ぎせい
擬態,ぎたい
文体,ぶんたい
文法,ぶんぽう
語法,ごほう
用法,ようほう
語源,ごげん
語義,ごぎ
語釈,ごしゃく
解説,かいせつ
注釈,ちゅうしゃく
注解,ちゅうかい
解題,かいだい
翻訳,ほんやく
通訳,つうやく
逐語訳,ちくごやく
意訳,いやく
直訳,ちょくやく
抄訳,しょうやく
改訳,かいやく
叙述,じょじゅつ
描写,びょうしゃ
説明,せつめい
論述,ろんじゅつ
討論,とうろん
弁論,べんろん
討議,とうぎ
審議,しんぎ
熟議,じゅくぎ
慎重審議,しんちょうしんぎ
採択,さいたく
否決,ひけつ
可決,かけつ
保留,ほりゅう
延期,えんき
中止,ちゅうし
撤回,てっかい
継続,けいぞく
継承,けいしょう
引継,ひきつぎ
交代,こうたい
就任,しゅうにん
離任,りにん
赴任,ふにん
着任,ちゃくにん
辞任,じにん
辞職,じしょく
更迭,こうてつ
異動,いどう
平社員,ひらしゃいん
経営者,けいえいしゃ
株主総会,かぶぬしそうかい
取締役,とりしまりやく
監査役,かんさやく
副社長,ふくしゃちょう
専務,せんむ
常務,じょうむ
課長代理,かちょうだいり
係長,かかりちょう
班長,はんちょう
一気呵成,いっきかせい
意気揚々,いきようよう
意志薄弱,いしはくじゃく
以毒制毒,いどくせいどく
運否天賦,うんぷてんぷ
沿革沿沿,えんかく
応急処置,おうきゅうしょち
恩師感謝,おんしかんしゃ
花鳥風月,かちょうふうげつ
過去現在,かこげんざい
外柔内剛,がいじゅうないごう
快刀乱麻,かいとうらんま
海千山千,うみせんやません
確信犯罪,かくしんはんざい
感謝感激,かんしゃかんげき
換骨奪胎,かんこつだったい
冠婚葬祭,かんこんそうさい
勧善懲悪,かんぜんちょうあく
旗幟鮮明,きしせんめい
教育勅語,きょういくちょくご
玉石混交,ぎょくせきこんこう
金科玉条,きんかぎょくじょう
錦上添花,きんじょうてんか
群雄割拠,ぐんゆうかっきょ
傾国傾城,けいこくけいせい
形影相伴,けいえいそうはん
軽挙妄動,けいきょもうどう
激励奮起,げきれいふんき
現状維持,げんじょういじ
乾坤一擲,けんこんいってき
虎視眈々,こしたんたん
豪放磊落,ごうほうらいらく
国士無双,こくしむそう
自画自賛,じがじさん
事実無根,じじつむこん
疾風怒濤,しっぷうどとう
質実剛健,しつじつごうけん
取捨選択,しゅしゃせんたく
首尾一貫,しゅびいっかん
主客転倒,しゅかくてんとう
純情可憐,じゅんじょうかれん
生老病死,しょうろうびょうし
深謀遠慮,しんぼうえんりょ
人跡未踏,じんせきみとう
随処主義,ずいしょしゅぎ
千変万化,せんぺんばんか
前代未聞,ぜんだいみもん
断固決意,だんこけつい
昼夜兼行,ちゅうやけんこう
沈思黙考,ちんしもっこう
天下一品,てんかいっぴん
当意即妙,とういそくみょう
東西南北,とうざいなんぼく
独立独歩,どくりつどっぽ
二人三脚,ににんさんきゃく
破顔大笑,はがんたいしょう
半信半疑,はんしんはんぎ
抜山蓋世,ばつざんがいせい
万死一生,ばんしいっしょう
万能無限,ばんのうむげん
百折不撓,ひゃくせつふとう
不言実行,ふげんじっこう
武運長久,ぶうんちょうきゅう
平和共存,へいわきょうぞん
抱腹絶倒,ほうふくぜっとう
万古不易,ばんこふえき
漫然沈滞,まんぜんちんたい
名実相伴,めいじつそうはん
滅私奉公,めっしほうこう
勇往邁進,ゆうおうまいしん
悠々自適,ゆうゆうじてき
理路整然,りろせいぜん
離合集散,りごうしゅうさん
力戦奮闘,りきせんふんとう
隆盛一途,りゅうせいいちず
和気藹々,わきあいあい
愛別離苦,あいべつりく
暗中模索,あんちゅうもさく
意味深長,いみしんちょう
一衣帯水,いちいたいすい
一言居士,いちげんこじ
一糸乱れず,いっしみだれず
一世一代,いっせいいちだい
因循姑息,いんじゅんこそく
引火点火,いんかてんか
雨過天晴,うかてんせい
延命長寿,えんめいちょうじゅ
遠慮会釈,えんりょえしゃく
黄金時代,おうごんじだい
汚名返上,おめいへんじょう
温和沈着,おんわちんちゃく
恩讐彼方,おんしゅうかなた
渾然一体,こんぜんいったい
乾燥無味,かんそうむみ
喜色満面,きしょくまんめん
起承転結,きしょうてんけつ
求道求真,きゅうどうきゅうしん
強引突破,きょういんとっぱ
驚天動地,きょうてんどうち
空想誇大,くうそうこだい
苦難辛苦,くなんしんく
計画実行,けいかくじっこう
激動時代,げきどうじだい
賢明果断,けんめいかだん
剛柔流水,ごうじゅうりゅうすい
告別式典,こくべつしきてん
高尚優雅,こうしょうゆうが
公私混同,こうしこんどう
国家安泰,こっかあんたい
差別偏見,さべつへんけん
三者三様,さんしゃさんよう
山河壮大,さんがそうだい
自然回帰,しぜんかいき
事態急変,じたいきゅうへん
実力行使,じつりょくこうし
社会規範,しゃかいきはん
集団行動,しゅうだんこうどう
熟慮断行,じゅくりょだんこう
準備万端,じゅんびばんたん
循環構造,じゅんかんこうぞう
上意下達,じょういかたつ
伸縮自在,しんしゅくじざい
進退両難,しんたいりょうなん
信念貫徹,しんねんかんてつ
寸鉄人刺,すんてつひとさす
正直誠実,しょうじきせいじつ
大自然懐,だいしぜんのふところ
大胆不敵,だいたんふてき
大道廃絶,だいどうはいぜつ
弾力思考,だんりょくしこう
知識豊富,ちしきほうふ
長久安泰,ちょうきゅうあんたい
通暁達識,つうぎょうたっしき
天高馬肥,てんこうばひ
道理当然,どうりとうぜん
特筆大書,とくひつたいしょ
内外一致,ないがいいっち
南船北馬,なんせんほくば
日夜精進,にちやしょうじん
任重道遠,にんじゅうどうえん
拍手喝采,はくしゅかっさい
発奮興起,はっぷんこうき
半開半落,はんかいはんらく
必死懸命,ひっしけんめい
表裏一体,ひょうりいったい
貧困困窮,ひんこんこんきゅう
不惑之年,ふわくのとし
奮励努力,ふんれいどりょく
変幻自在,へんげんじざい
方正清廉,ほうせいせいれん
無限可能,むげんかのう
名誉挽回,めいよばんかい
面目一新,めんもくいっしん
猛進突破,もうしんとっぱ
唯一無二,ゆいいつむに
優柔不断,ゆうじゅうふだん
油断大敵,ゆだんたいてき
余韻残香,よいんざんこう
翌日即日,よくじつそくじつ
乱世英雄,らんせいえいゆう
立身出世,りっしんしゅっせ
流転変化,るてんへんか
冷静沈着,れいせいちんちゃく
連戦連勝,れんせんれんしょう
朗朗快活,ろうろうかいかつ
和平共存,わへいきょうぞん
一刻千金,いっこくせんきん
意気衝天,いきしょうてん
薄利多売,はくりたばい
馬力全開,ばりきぜんかい
発展途上,はってんとじょう
飛躍発展,ひやくはってん
悲喜交交,ひきこもごも
美辞麗句,びじれいく
必要充分,ひつようじゅうぶん
風光明媚,ふうこうめいび
複雑怪奇,ふくざつかいき
平静無事,へいせいぶじ
平凡非凡,へいぼんひぼん
弁護活動,べんごかつどう
報恩感謝,ほうおんかんしゃ
理想実現,りそうじつげん
利害得失,りがいとくしつ
雷同付和,らいどうふわ
乱暴狼藉,らんぼうろうぜき
練達熟練,れんたつじゅくれん
収支,しゅうし
黒字,くろじ
赤字,あかじ
利率,りりつ
借款,しゃっかん
格付,かくづけ
所得,しょとく
収入,しゅうにゅう
支出,しゅっせき
節約,せつやく
浪費,ろうひ
貯蓄,ちょちく
蓄積,ちくせき
資産,しさん
負債,ふさい
純資,じゅんし
社債,しゃさい
国債,こくさい
公債,こうさい
発行,はっこう
償還,しょうかん
好況,こうきょう
清算,せいさん
解散,かいさん
参入,さんにゅう
撤退,てったい
協調,きょうちょう
条件,じょうけん
消費,しょうひ
販売,はんばい
流通,りゅうつう
保護,ほご
緩和,かんわ
競売,きょうばい
入札,にゅうさつ
外資,がいし
直接投資,ちょくせつとうし
相場,そうば
取引,とりひき
売買,ばいばい
代理,だいり
手数料,てすうりょう
損失,そんしつ
規約,きやく
規程,きてい
命令,めいれい
指示,しじ
通達,つうたつ
布告,ふこく
告示,こくじ
公示,こうじ
宣言,せんげん
声明,せいめい
決議,けつぎ
制限,せいげん
制裁,せいさい
罰則,ばっそく
禁固,きんこ
拘束,こうそく
勾留,こうりゅう
保釈,ほしゃく
裁定,さいてい
仮処分,かりしょぶん
副作用,ふくさよう
効能,こうのう
経過,けいか
治癒,ちゆ
再発,さいはつ
転移,てんい
発症,はっしょう
発病,はっびょう
罹患,りかん
菌体,きんたい
病原,びょうげん
真菌,しんきん
宿主,しゅくしゅ
伝播,でんぱ
消毒,しょうどく
滅菌,めっきん
殺菌,さっきん
衛生,えいせい
予防,よぼう
接種,せっしゅ
検疫,けんえき
隔離,かくり
封鎖,ふうさ
測定,そくてい
計測,けいそく
合成,ごうせい
燃焼,ねんしょう
反応,はんのう
溶解,ようかい
蒸発,じょうはつ
凝固,ぎょうこ
融解,ゆうかい
昇華,しょうか
圧力,あつりょく
粘度,ねんど
電荷,でんか
遠心,えんしん
向心,こうしん
弾性,だんせい
塑性,そせい
粘性,ねんせい
振動,しんどう
波動,はどう
共鳴,きょうめい
屈折,くっせつ
反射,はんしゃ
回折,かいせつ
干渉,かんしょう
偏光,へんこう
理念,りねん
観念,かんねん
良心,りょうしん
正義,せいぎ
公平,こうへい
平等,びょうどう
自由,じゆう
尊厳,そんげん
尊重,そんちょう
配慮,はいりょ
共感,きょうかん
共存,きょうぞん
連帯,れんたい
協働,きょうどう
対話,たいわ
批評,ひひょう
帰納,きのう
弁証,べんしょう
逆説,ぎゃくせつ
命題,めいだい
前提,ぜんてい
論証,ろんしょう
事実,じじつ
錯覚,さっかく
潜在,せんざい
顕在,けんざい
心理,しんり
肉体,にくたい
霊魂,れいこん
現象,げんしょう
実存,じつぞん
本性,ほんせい
実体,じったい
本体,ほんたい
版画,はんが
水彩,すいさい
油彩,ゆさい
素描,そびょう
下絵,したえ
構図,こうず
遠近,えんきん
透視,とうし
陰影,いんえい
輪郭,りんかく
質感,しつかん
色彩,しきさい
色調,しきちょう
演奏,えんそう
作曲,さっきょく
編曲,へんきょく
指揮,しき
合唱,がっしょう
合奏,がっそう
独唱,どくしょう
独奏,どくそう
協奏,きょうそう
交響,こうきょう
和声,わせい
旋律,せんりつ
節拍,せっぱく
拍子,ひょうし
調子,ちょうし
音程,おんてい
音階,おんかい
音符,おんぷ
休符,きゅうふ
脚本,きゃくほん
台本,だいほん
演出,えんしゅつ
舞台,ぶたい
照明,しょうめい
音響,おんきょう
撮影,さつえい
編集,へんしゅう
監督,かんとく
脚色,きゃくしょく
詩歌,しいか
評論,ひょうろん
文芸,ぶんげい
著作,ちょさく
神社,じんじゃ
寺院,じいん
宗団,しゅうだん
修行,しゅぎょう
修道,しゅうどう
修行僧,しゅぎょうそう
禅僧,ぜんそう
僧侶,そうりょ
神職,しんしょく
宮司,ぐうじ
神官,しんかん
祭祀,さいし
加持,かじ
供養,くよう
法要,ほうよう
告別,こくべつ
弔問,ちょうもん
弔慰,ちょうい
追悼,ついとう
冥福,めいふく
天国,てんごく
極楽,ごくらく
地獄,じごく
輪廻,りんね
因縁,いんねん
業報,ごうほう
悟道,ごどう
解脱,げだつ
成仏,じょうぶつ
涅槃,ねはん
縄文,じょうもん
弥生,やよい
古墳,こふん
飛鳥,あすか
奈良,なら
平安,へいあん
鎌倉,かまくら
室町,むろまち
戦国,せんごく
江戸,えど
明治,めいじ
大正,たいしょう
藩主,はんしゅ
大名,だいみょう
将軍,しょうぐん
天皇,てんのう
公家,くげ
浪人,ろうにん
牢人,ろうにん
忍者,にんじゃ
陰陽師,おんみょうじ
呪術,じゅじゅつ
遣唐使,けんとうし
遣隋使,けんずいし
貿易港,ぼうえきこう
鎖国,さこく
開国,かいこく
攘夷,じょうい
尊王,そんのう
倒幕,とうばく
廃藩,はいはん
置県,ちけん
開化,かいか
富国,ふこく
強兵,きょうへい
徴兵,ちょうへい
地租,ちそ
殖産,しょくさん
興業,こうぎょう
官営,かんえい
民営,みんえい
海洋,かいよう
島嶼,とうしょ
湾岸,わんがん
海溝,かいこう
海盆,かいぼん
平原,へいげん
泥炭,でいたん
亜熱帯,あねったい
冷帯,れいたい
低気圧,ていきあつ
高気圧,こうきあつ
干ばつ,かんばつ
津波,つなみ
土砂,どしゃ
崩落,ほうらく
地滑り,じすべり
浸食,しんしょく
堆積,たいせき
変成,へんせい
燃料,ねんりょう
排水,はいすい
浄水,じょうすい
下水,げすい
汚水,おすい
汚濁,おだく
汚染物,おせんぶつ
田植,たうえ
収穫,しゅうかく
耕作,こうさく
耕地,こうち
農地,のうち
牧草,ぼくそう
養殖,ようしょく
漁獲,ぎょかく
水産,すいさん
農産,のうさん
有機,ゆうき
無農薬,むのうやく
肥料,ひりょう
農薬,のうやく
殺虫,さっちゅう
除草,じょそう
防除,ぼうじょ
品種,ひんしゅ
改良,かいりょう
育種,いくしゅ
食糧,しょくりょう
食料,しょくりょう
食材,しょくざい
栄養,えいよう
栄養素,えいようそ
炭水化物,たんすいかぶつ
脂質,ししつ
繊維,せんい
添加物,てんかぶつ
保存料,ほぞんりょう
着色,ちゃくしょく
香料,こうりょう
都市,とし
市街,しがい
郊外,こうがい
市内,しない
区域,くいき
一帯,いったい
周辺,しゅうへん
近郊,きんこう
近隣,きんりん
隣接,りんせつ
境界,きょうかい
境域,きょういき
区画,くかく
整備,せいび
再開発,さいかいはつ
施工,せこう
工事,こうじ
土木,どぼく
基礎,きそ
内装,ないそう
外装,がいそう
屋根,やね
壁面,へきめん
床面,ゆかめん
天井,てんじょう
柱梁,ちゅうりょう
鉄筋,てっきん
鉄骨,てっこつ
木造,もくぞう
鉄造,てつぞう
石造,せきぞう
鉄鋼,てっこう
非鉄,ひてつ
製鋼,せいこう
鋳造,ちゅうぞう
鍛造,たんぞう
切削,せっさく
研磨,けんま
鍍金,めっき
塗装,とそう
熱処理,ねつしょり
加工,かこう
成形,せいけい
成型,せいけい
樹脂,じゅし
繊維素,せんいそ
複合,ふくごう
基板,きばん
回路,かいろ
素子,そし
放射,ほうしゃ
照射,しょうしゃ
電信,でんしん
無線,むせん
有線,ゆうせん
電波,でんぱ
帯域,たいいき
速度,そくど
容量,ようりょう
保存,ほぞん
消去,しょうきょ
復元,ふくげん
解読,かいどく
符号,ふごう
文字,もじ
記号,きごう
学習,がくしゅう
訓練,くんれん
人工,じんこう
知能,ちのう
機械,きかい
自動,じどう
自律,じりつ
制御,せいぎょ
操作,そうさ
遠隔,えんかく
検知,けんち
感知,かんち
識別,しきべつ
武道,ぶどう
弓道,きゅうどう
空手,からて
合気,あいき
道場,どうじょう
稽古,けいこ
試合,しあい
勝負,しょうぶ
準決勝,じゅんけっしょう
選手,せんしゅ
審判,しんぱん
観衆,かんしゅう
応援,おうえん
優勝,ゆうしょう
準優勝,じゅんゆうしょう
銀メダル,ぎんめだる
銅メダル,どうめだる
筋力,きんりょく
持久,じきゅう
技巧,ぎこう
戦術,せんじゅつ
戦略,せんりゃく
初等,しょとう
中等,ちゅうとう
高等,こうとう
修士,しゅうし
博士,はかせ
研究者,けんきゅうしゃ
助教,じょきょう
助手,じょしゅ
研究員,けんきゅういん
大学生,だいがくせい
院生,いんせい
学費,がくひ
授業料,じゅぎょうりょう
奨学金,しょうがくきん
入学金,にゅうがくきん
卒業証,そつぎょうしょう
学位,がくい
資格,しかく
認定,にんてい
検定,けんてい
採点,さいてん
採否,さいひ
頭脳,ずのう
脳髄,のうずい
脳波,のうは
知覚,ちかく
視覚,しかく
聴覚,ちょうかく
嗅覚,きゅうかく
味覚,みかく
触覚,しょっかく
平衡,へいこう
脊柱,せきちゅう
椎骨,ついこつ
靱帯,じんたい
筋腱,きんけん
骨格,こっかく
骨密,こつみつ
骨粗,こつそ
虹彩,こうさい
水晶,すいしょう
瞳孔,どうこう
耳管,じかん
副鼻,ふくび
扁桃,へんとう
気管支,きかんし
肺胞,はいほう
横隔,おうかく
毛細,もうさい
脈拍,みゃくはく
血球,けっきゅう
脾臓,ひぞう
胃腸,いちょう
虫垂,ちゅうすい
尿管,にょうかん
尿道,にょうどう
前立,ぜんりつ
卵管,らんかん
胎盤,たいばん
胎児,たいじ
甲状,こうじょう
副腎,ふくじん
下垂体,かすいたい
松果,しょうか
胸腺,きょうせん
角質,かくしつ
色素,しきそ
毛穴,けあな
皮脂,ひし
発汗,はっかん
葉緑素,ようりょくそ
気孔,きこう
蒸散,じょうさん
根毛,こんもう
維管,いかん
道管,どうかん
師管,しかん
形成,けいせい
木部,もくぶ
師部,しぶ
細胞壁,さいぼうへき
細胞膜,さいぼうまく
変異,へんい
適者,てきしゃ
捕食,ほしょく
被食,ひしょく
食物連鎖,しょくもつれんさ
分解者,ぶんかいしゃ
腐食,ふしょく
堆肥,たいひ
腐葉土,ふようど
土壌,どじょう
太陽系,たいようけい
隕石,いんせき
星団,せいだん
赤色巨星,せきしょくきょせい
宇宙塵,うちゅうじん
天文,てんもん
望遠,ぼうえん
分光,ぶんこう
公転,こうてん
自転,じてん
傾斜,けいしゃ
離心,りしん
潮汐,ちょうせき
干満,かんまん
放射帯,ほうしゃたい
太陽風,たいようふう
日食,にっしょく
月食,げっしょく
日蝕,にっしょく
満月,まんげつ
新月,しんげつ
上弦,じょうげん
下弦,かげん
朔望,さくぼう
黄道,こうどう
大気圏,たいきけん
対流,たいりゅう
成層,せいそう
中間,ちゅうかん
熱圏,ねっけん
電離,でんり
紫外線,しがいせん
赤外線,せきがいせん
可視光,かしこう
伝導,でんどう
露点,ろてん
凝結,ぎょうけつ
雲粒,くもつぶ
降水,こうすい
積雪,せきせつ
降霜,こうそう
降霰,こうさん
雷鳴,らいめい
竜巻,たつまき
煙霧,えんむ
視程,してい
雲量,うんりょう
天気図,てんきず
前線,ぜんせん
停滞,ていたい
閉塞,へいそく
等圧,とうあつ
等温,とうおん
等高,とうこう
火成岩,かせいがん
堆積岩,たいせきがん
変成岩,へんせいがん
玄武岩,げんぶがん
安山岩,あんざんがん
流紋岩,りゅうもんがん
砂岩,さがん
泥岩,でいがん
石灰岩,せっかいがん
片岩,へんがん
片麻岩,へんまがん
大理石,だいりせき
珪岩,けいがん
珪化,けいか
断層,だんそう
褶曲,しゅうきょく
地殻,ちかく
鉱物,こうぶつ
石英,せきえい
長石,ちょうせき
雲母,うんも
角閃石,かくせんせき
輝石,きせき
橄欖石,かんらんせき
磁鉄,じてつ
赤鉄,あかてつ
黄鉄,おうてつ
黄銅,おうどう
方鉛,ほうえん
閃亜鉛,せんあえん
孔雀石,くじゃくいし
方解石,ほうかいせき
炭化水素,たんかすいそ
芳香族,ほうこうぞく
脂肪族,しぼうぞく
高分子,こうぶんし
重合,じゅうごう
縮合,しゅくごう
付加,ふか
酸塩基,さんえんき
電気分解,でんきぶんかい
沈殿,ちんでん
錯体,さくたい
配位,はいい
共有,きょうゆう
金属結合,きんぞくけつごう
水素結合,すいそけつごう
分散力,ぶんさんりょく
双極子,そうきょくし
極性,きょくせい
無極,むきょく
分子量,ぶんしりょう
式量,しきりょう
物質量,ぶっしつりょう
化学量,かがくりょう
反応熱,はんのうねつ
遷移,せんい
力学,りきがく
静止,せいし
減速,げんそく
等速,とうそく
等加速,とうかそく
垂直,すいちょく
水平,すいへい
斜面,しゃめん
滑車,かっしゃ
回転,かいてん
力矩,ちからく
慣性矩,かんせいく
角速,かくそく
角加速,かくかそく
向心力,こうしんりょく
遠心力,えんしんりょく
万有引力,ばんゆういんりょく
潮汐力,ちょうせきりょく
弾性波,だんせいは
音波,おんぱ
光波,こうは
波数,はすう
周期,しゅうき
共振,きょうしん
定常波,ていじょうは
進行波,しんこうは
反射波,はんしゃは
屈折率,くっせつりつ
全反射,ぜんはんしゃ
散乱,さんらん
吸収,きゅうしゅう
透過,とうか
電磁,でんじ
誘電,ゆうでん
透磁,とうじ
静電,せいでん
電容,でんよう
充電,じゅうでん
放電,ほうでん
交流,こうりゅう
直流,ちょくりゅう
周波,しゅうは
位相,いそう
変圧,へんあつ
整流,せいりゅう
変調,へんちょう
増幅,ぞうふく
減衰,げんすい
整数,せいすう
自然数,しぜんすう
有理数,ゆうりすう
無理数,むりすう
実数,じっすう
複素数,ふくそすう
虚数,きょすう
素数,そすう
合成数,ごうせいすう
因数,いんすう
約数,やくすう
倍数,ばいすう
公約数,こうやくすう
公倍数,こうばいすう
最大,さいだい
最小,さいしょう
平均,へいきん
中央値,ちゅうおうち
最頻値,さいひんち
標準偏差,ひょうじゅんへんさ
相関,そうかん
回帰,かいき
微分,びぶん
積分,せきぶん
導関数,どうかんすう
極値,きょくち
変曲,へんきょく
収束,しゅうそく
発散,はっさん
連続,れんぞく
不連続,ふれんぞく
有界,ゆうかい
行列,ぎょうれつ
内積,ないせき
外積,がいせき
固有値,こゆうち
固有ベクトル,こゆうべくとる
正規直交,せいきちょっこう
対角,たいかく
転置,てんち
逆行列,ぎゃくぎょうれつ
語彙,ごい
訓読,くんよみ
音読,おんよみ
漢音,かんおん
呉音,ごおん
唐音,とうおん
熟語,じゅくご
同音,どうおん
同訓,どうくん
多義,たぎ
類義,るいぎ
対義,たいぎ
派生,はせい
転義,てんぎ
換喩,かんゆ
提喩,ていゆ
誇張,こちょう
反語,はんご
婉曲,えんきょく
倒置,とうち
対句,ついく
反復,はんぷく
列挙,れっきょ
名詞,めいし
代名詞,だいめいし
動詞,どうし
形容詞,けいようし
副詞,ふくし
接続詞,せつぞくし
助詞,じょし
助動詞,じょどうし
感動詞,かんどうし
指示語,しじご
敬語,けいご
謙譲,けんじょう
丁寧,ていねい
美化語,びかご
主語,しゅご
述語,じゅつご
修飾,しゅうしょく
補語,ほご
目的語,もくてきご
能動,のうどう
受動,じゅどう
使役,しえき
可能,かのう
否定,ひてい
看護,かんご
保健,ほけん
公衆衛生,こうしゅうえいせい
保険料,ほけんりょう
給付,きゅうふ
受給,じゅきゅう
扶養,ふよう
生計,せいけい
失業,しつぎょう
就労,しゅうろう
産休,さんきゅう
保育所,ほいくしょ
幼稚園,ようちえん
義務教育,ぎむきょういく
特別支援,とくべつしえん
障害,しょうがい
障碍,しょうがい
視覚障害,しかくしょうがい
聴覚障害,ちょうかくしょうがい
肢体,したい
知的障害,ちてきしょうがい
自閉症,じへいしょう
学習障害,がくしゅうしょうがい
注意欠陥,ちゅういけっかん
精神疾患,せいしんしっかん
多国間,たこくかん
二国間,にこくかん
首脳,しゅのう
会談,かいだん
議定書,ぎていしょ
批准,ひじゅん
破棄,はき
友好,ゆうこう
善隣,ぜんりん
友邦,ゆうほう
中立,ちゅうりつ
不戦,ふせん
核抑止,かくよくし
軍縮,ぐんしゅく
軍備,ぐんび
武装,ぶそう
非武装,ひぶそう
紛争,ふんそう
停戦,ていせん
休戦,きゅうせん
終戦,しゅうせん
和平交渉,わへいこうしょう
安保理,あんぽり
総会,そうかい
特別委,とくべつい
망命,ぼうめい
망命者,ぼうめいしゃ
망명申請,ぼうめいしんせい
망명許可,ぼうめいきょか
망명条件,ぼうめいじょうけん
経営,けいえい
組織,そしき
編成,へんせい
再編,さいへん
構造改革,こうぞうかいかく
雇用調整,こようちょうせい
経費削減,けいひさくげん
競争力,きょうそうりょく
付加価値,ふかかち
差別化,さべつか
市場占有,しじょうせんゆう
市場参入,しじょうさんにゅう
市場撤退,しじょうてったい
多角化,たかくか
集中化,しゅうちゅうか
水平展開,すいへいてんかい
外部化,がいぶか
内部化,ないぶか
協業,きょうぎょう
提携,ていけい
下請,したうけ
決定,けってい
見直,みなおし
試行,しこう
節水,せっすい
廃熱,はいねつ
廃棄熱,はいきねつ
廃ガス,はいがす
排気,はいき
廃液,はいえき
最終処分,さいしゅうしょぶん
埋立,うめたて
焼却,しょうきゃく
熱回収,ねつかいしゅう
発電,はつでん
売電,ばいでん
蓄電,ちくでん
太陽光,たいようこう
水力,すいりょく
地熱,ちねつ
波力,はりょく
潮力,ちょうりょく
燃料電池,ねんりょうでんち
水素エネ,すいそえね
原子力,げんしりょく
核燃料,かくねんりょう
廃炉,はいろ
高速,こうそく
一般道,いっぱんどう
農道,のうどう
林道,りんどう
歩道,ほどう
自転車道,じてんしゃどう
橋梁,きょうりょう
陸橋,りっきょう
歩道橋,ほどうきょう
高架,こうか
地下,ちか
暗渠,あんきょ
管渠,かんきょ
排水路,はいすいろ
用水路,ようすいろ
路線,ろせん
枕木,まくらぎ
踏切,ふみきり
駅舎,えきしゃ
改札,かいさつ
特急,とっきゅう
急行,きゅうこう
準急,じゅんきゅう
普通,ふつう
各停,かくてい
滑走路,かっそうろ
管制,かんせい
着陸,ちゃくりく
離陸,りりく
航路,こうろ
海路,かいろ
水路,すいろ
航行,こうこう
情動,じょうどう
情緒,じょうちょ
心情,しんじょう
心境,しんきょう
気持,きもち
気分,きぶん
気力,きりょく
意欲,いよく
欲求,よっきゅう
欲望,よくぼう
志望,しぼう
憧憬,しょうけい
敬愛,けいあい
親愛,しんあい
友情,ゆうじょう
愛情,あいじょう
恋愛,れんあい
恥辱,ちじょく
罪悪感,ざいあくかん
後悔,こうかい
反省,はんせい
悔恨,かいこん
憤怒,ふんど
怒気,どき
怒号,どごう
悲嘆,ひたん
悲痛,ひつう
不安,ふあん
焦燥,しょうそう
畏敬,いけい
畏怖,いふ
恐畏,きょうい
喜悦,きえつ
愉悦,ゆえつ
充実,じゅうじつ
幸福,こうふく
至福,しふく
安穏,あんのん
安泰,あんたい
調理,ちょうり
加熱,かねつ
炒める,いためる
煮込,にこみ
蒸気,じょうき
揚げ物,あげもの
焼き物,やきもの
刺身,さしみ
寿司,すし
天ぷら,てんぷら
懐石,かいせき
会席,かいせき
精進,しょうじん
卓袱,しっぽく
和食,わしょく
洋食,ようしょく
中華,ちゅうか
麺類,めんるい
丼物,どんぶりもの
定食,ていしょく
弁当,べんとう
惣菜,そうざい
漬物,つけもの
佃煮,つくだに
味噌,みそ
砂糖,さとう
清酒,せいしゅ
焼酎,しょうちゅう
梅酒,うめしゅ
甘酒,あまざけ
緑茶,りょくちゃ
紅茶,こうちゃ
抹茶,まっちゃ
番茶,ばんちゃ
煎茶,せんちゃ
住宅,じゅうたく
分譲,ぶんじょう
賃貸,ちんたい
一戸建,いっこだて
管理費,かんりひ
改築,かいちく
増築,ぞうちく
除却,じょきゃく
建替,たてかえ
買替,かいかえ
契約更新,けいやくこうしん
退去,たいきょ
転居,てんきょ
引越,ひっこし
水道,すいどう
電気,でんき
下水道,げすいどう
浄化槽,じょうかそう
給水,きゅうすい
配管,はいかん
助産師,じょさんし
保健師,ほけんし
弁理士,べんりし
行政書士,ぎょうせいしょし
司法書士,しほうしょし
社会保険,しゃかいほけん
税理士,ぜいりし
中小企業,ちゅうしょうきぎょう
建築士,けんちくし
施工管理,せこうかんり
教諭,きょうゆ
養護教諭,ようごきょうゆ
美容師,びようし
理容師,りようし
精神保健,せいしんほけん
立春,りっしゅん
立夏,りっか
立秋,りっしゅう
立冬,りっとう
彼岸,ひがん
土用,どよう
盂蘭盆,うらぼん
お盆,おぼん
施餓鬼,せがき
節句,せっく
七五三,しちごさん
成人式,せいじんしき
還暦,かんれき
古稀,こき
喜寿,きじゅ
傘寿,さんじゅ
米寿,べいじゅ
卒寿,そつじゅ
白寿,はくじゅ
百寿,ひゃくじゅ
長寿,ちょうじゅ
初春,しょしゅん
早春,そうしゅん
晩春,ばんしゅん
初夏,しょか
盛夏,せいか
晩夏,ばんか
初秋,しょしゅう
仲秋,ちゅうしゅう
晩秋,ばんしゅう
厳冬,げんとう
七難,しちなん
八苦,はっく
百害,ひゃくがい
千辛万苦,せんしんばんく
万里,ばんり
自由闊達,じゆうかったつ
豪快闊達,ごうかいかったつ
清廉剛直,せいれんごうちょく
公平無私,こうへいむし
無私無欲,むしむよく
克己復礼,こっきふくれい
仁義礼智,じんぎれいち
温良篤実,おんりょうとくじつ
誠実篤行,せいじつとっこう
信義誠実,しんぎせいじつ
謹厳実直,きんげんじっちょく
廉潔勤倹,れんけつきんけん
勤勉誠実,きんべんせいじつ
実直堅固,じっちょくけんご
瓦解,がかい
瓦礫,がれき
鴛鴦,えんおう
鶏冠,とさか
鸚鵡,おうむ
鳳凰,ほうおう
麒麟,きりん
蟷螂,とうろう
蜥蜴,とかげ
蜉蝣,かげろう
螳螂,とうろう
蜘蛛,くも
蜻蛉,とんぼ
蟋蟀,こおろぎ
菖蒲,しょうぶ
薔薇,ばら
百合,ゆり
撫子,なでしこ
紫陽花,あじさい
向日葵,ひまわり
鈴蘭,すずらん
水仙,すいせん
梔子,くちなし
木犀,もくせい
金木犀,きんもくせい
銀木犀,ぎんもくせい
躑躅,つつじ
杜鵑,ほととぎす
山吹,やまぶき
女郎花,おみなえし
秋桜,こすもす
霞ヶ関,かすみがせき
永田町,ながたちょう
兜町,かぶとちょう
丸の内,まるのうち
新橋,しんばし
瑕疵,かし
辻褄,つじつま
蒙昧,もうまい
矮小,わいしょう
褒貶,ほうへん
忖度,そんたく
蟄居,ちっきょ
遮蔽,しゃへい
慄然,りつぜん
悶絶,もんぜつ
蹣跚,まんさん
瀰漫,びまん
泥濘,でいねい
枯渇,こかつ
涸渇,こかつ
枯死,こし
腐蝕,ふしょく
腐敗,ふはい
腐朽,ふきゅう
劣化,れっか
退廃,たいはい
荒廃,こうはい
廃墟,はいきょ
遺棄,いき
放棄,ほうき
詭弁,きべん
偽装,ぎそう
歪曲,わいきょく
曲解,きょっかい
誤謬,ごびゅう
錯誤,さくご
恣意的,しいてき
擅自,せんじ
専横,せんおう
僭越,せんえつ
傲岸,ごうがん
不遜,ふそん
驕慢,きょうまん
尊大,そんだい
冷笑,れいしょう
嘲弄,ちょうろう
皮肉,ひにく
風刺,ふうし
諷刺,ふうし
古語,こご
雅語,がご
文語,ぶんご
口語,こうご
俗語,ぞくご
謙語,けんご
丁語,ていご
尊語,そんご
美語,びご
婉語,えんご
隠語,いんご
暗語,あんご
符丁,ふちょう
合言葉,あいことば
言霊,ことだま
枕詞,まくらことば
序詞,じょことば
掛詞,かけことば
縁語,えんご
歌枕,うたまくら
本歌,ほんか
本歌取,ほんかとり
本説,ほんせつ
本説取,ほんせつとり
連歌,れんが
連句,れんく
俳諧,はいかい
川柳,せんりゅう
狂歌,きょうか
長歌,ちょうか
旋頭歌,せどうか
万葉仮名,まんようがな
平仮名,ひらがな
片仮名,かたかな
草書,そうしょ
楷書,かいしょ
行書,ぎょうしょ
隷書,れいしょ
篆書,てんしょ
甲骨文,こうこつぶん
金文,きんぶん
源氏,げんじ
伊勢,いせ
竹取,たけとり
大和,やまと
土佐,とさ
更級,さらしな
枕草子,まくらのそうし
方丈記,ほうじょうき
徒然草,つれづれぐさ
平家物語,へいけものがたり
太平記,たいへいき
義経記,ぎけいき
古事記,こじき
日本書紀,にほんしょき
風土記,ふどき
万葉集,まんようしゅう
古今集,こきんしゅう
新古今集,しんこきんしゅう
後撰集,ごせんしゅう
拾遺集,しゅういしゅう
後拾遺,ごしゅうい
金葉集,きんようしゅう
詞花集,しかしゅう
千載集,せんざいしゅう
新勅撰,しんちょくせん
続後撰,しょくごせん
論語,ろんご
孟子,もうし
中庸,ちゅうよう
易経,えきけい
書経,しょきょう
詩経,しきょう
礼記,らいき
春秋,しゅんじゅう
左伝,さでん
老子,ろうし
荘子,そうじ
韓非子,かんぴし
墨子,ぼくし
孫子,そんし
史記,しき
漢書,かんしょ
後漢書,ごかんしょ
三国志,さんごくし
資治通鑑,しじつがん
仁義,じんぎ
礼義,れいぎ
忠孝,ちゅうこう
忠義,ちゅうぎ
孝悌,こうてい
孝行,こうこう
孝養,こうよう
忠節,ちゅうせつ
忠誠,ちゅうせい
誠忠,せいちゅう
五倫,ごりん
五常,ごじょう
三綱,さんこう
三達徳,さんたっとく
四端,したん
菩薩,ぼさつ
羅漢,らかん
如来,にょらい
明王,みょうおう
天部,てんぶ
阿弥陀,あみだ
釈迦,しゃか
観音,かんのん
地蔵,じぞう
弥勒,みろく
不動,ふどう
毘沙門,びしゃもん
大黒,だいこく
弁才天,べんざいてん
吉祥,きっしょう
曼荼羅,まんだら
梵字,ぼんじ
真言,しんごん
陀羅尼,だらに
般若,はんにゃ
波羅蜜,はらみつ
菩提,ぼだい
転生,てんしょう
業障,ごっしょう
執着,しゅうじゃく
無明,むみょう
無常,むじょう
無我,むが
縁起,えんぎ
中道,ちゅうどう
八正道,はっしょうどう
四諦,したい
三宝,さんぼう
仏法僧,ぶっぽうそう
三帰依,さんきえ
五戒,ごかい
十戒,じっかい
六波羅,ろくはら
禅定,ぜんじょう
三昧,さんまい
禅那,ぜんな
坐禅,ざぜん
経行,きんひん
大社,たいしゃ
神宮,じんぐう
末社,まっしゃ
摂社,せっしゃ
一宮,いちのみや
二宮,にのみや
三宮,さんのみや
鎮守,ちんじゅ
産土,うぶすな
氏神,うじがみ
氏子,うじこ
神輿,みこし
御旅所,おたびしょ
神楽,かぐら
巫女,みこ
神主,かんぬし
大宮司,だいぐうじ
小宮司,しょうぐうじ
権宮司,ごんぐうじ
禰宜,ねぎ
物忌,ものいみ
斎戒,さいかい
物部,もののべ
神嘗祭,かんなめさい
新嘗祭,にいなめさい
祈年祭,としごいのまつり
大嘗祭,だいじょうさい
遷宮,せんぐう
寺家,じけ
社家,しゃけ
里人,さとびと
七徳,しちとく
義士,ぎし
浪士,ろうし
主君,しゅくん
主従,しゅじゅう
奉公,ほうこう
武勇,ぶゆう
礼節,れいせつ
名誉,めいよ
廉恥,れんち
切腹,せっぷく
殉死,じゅんし
殉国,じゅんこく
戦功,せんこう
武功,ぶこう
軍功,ぐんこう
兵法,へいほう
武芸,ぶげい
武術,ぶじゅつ
剣術,けんじゅつ
槍術,そうじゅつ
弓術,きゅうじゅつ
馬術,ばじゅつ
柔術,じゅうじゅつ
忍術,にんじゅつ
砲術,ほうじゅつ
鉄砲,てっぽう
水墨画,すいぼくが
墨絵,すみえ
浮世絵,うきよえ
版木,はんぎ
木版画,もくはんが
銅版画,どうはんが
石版画,せきはんが
孔版,こうはん
謄写,とうしゃ
衝立,ついたて
障子,しょうじ
床の間,とこのま
欄間,らんま
書院,しょいん
数寄屋,すきや
茶室,ちゃしつ
露地,ろじ
素焼,すやき
本焼,ほんやき
釉薬,うわぐすり
登窯,のぼりがま
有田焼,ありたやき
九谷焼,くたにやき
萩焼,はぎやき
備前焼,びぜんやき
信楽焼,しがらきやき
七宝焼,しっぽうやき
蒔絵,まきえ
螺鈿,らでん
象嵌,ぞうがん
金工,きんこう
銀工,ぎんこう
鍛冶,かじ
鋳物,いもの
彫金,ちょうきん
文楽,ぶんらく
講談,こうだん
浪曲,ろうきょく
漫才,まんざい
大喜利,おおぎり
日本舞踊,にほんぶよう
花道,はなみち
揚幕,あげまく
本舞台,ほんぶたい
廻り舞台,まわりぶたい
仮花道,かりはなみち
黒御簾,くろみす
黒子,くろこ
後見,こうけん
囃子,はやし
太鼓,たいこ
小鼓,こつづみ
大鼓,おおつづみ
三味線,しゃみせん
尺八,しゃくはち
琵琶,びわ
雅楽,ががく
雅楽器,ががくき
茶道,さどう
茶の湯,ちゃのゆ
茶会,ちゃかい
茶事,ちゃじ
茶席,ちゃせき
点前,てまえ
袱紗,ふくさ
茶碗,ちゃわん
茶入,ちゃいれ
茶杓,ちゃしゃく
柄杓,ひしゃく
茶釜,ちゃがま
風炉,ふろ
水指,みずさし
建水,けんすい
蓋置,ふたおき
台子,だいす
茶掛,ちゃかけ
墨蹟,ぼくせき
花入,はないれ
生花,いけばな
投入,なげいれ
盛花,もりばな
剣山,けんざん
水盤,すいばん
花留,はなどめ
枝折,えだおり
文房四宝,ぶんぼうしほう
筆墨紙硯,ひつぼくしけん
半紙,はんし
唐紙,とうし
懐紙,かいし
料紙,りょうし
清書,せいしょ
草稿,そうこう
下書,したがき
浄書,じょうしょ
起草,きそう
書法,しょほう
運筆,うんぴつ
用墨,ようぼく
墨痕,ぼっこん
書風,しょふう
書体,しょたい
書家,しょか
能書家,のうしょか
能筆,のうひつ
達筆,たっぴつ
悪筆,あくひつ
乱筆,らんぴつ
拙筆,せっぴつ
鉄筆,てっぴつ
細筆,ほそふで
行司,ぎょうじ
呼出,よびだし
床山,とこやま
年寄,としより
親方,おやかた
横綱,よこづな
大関,おおぜき
関脇,せきわけ
小結,こむすび
前頭,まえがしら
十両,じゅうりょう
幕内,まくうち
幕下,まくした
三段目,さんだんめ
序二段,じょにだん
序ノ口,じょのくち
土俵,どひょう
仕切,しきり
立合,たちあい
蹲踞,そんきょ
寄切,よりきり
上手投,うわてなげ
下手投,したてなげ
内掛,うちがけ
外掛,そとがけ
蚕食,さんしょく
蟠踞,ばんきょ
猖獗,しょうけつ
跳梁,ちょうりょう
僭称,せんしょう
讒言,ざんげん
誣告,ぶこく
誹謗,ひぼう
中傷,ちゅうしょう
讒毀,ざんき
毀損,きそん
汚辱,おじょく
陵辱,りょうじょく
蹂躪,じゅうりん
凌辱,りょうじょく
侮辱,ぶじょく
戯弄,ぎろう
牛耳,ぎゅうじ
掌握,しょうあく
統轄,とうかつ
牛耳る,ぎゅうじる
懐柔,かいじゅう
糾合,きゅうごう
糾弾,きゅうだん
弾劾,だんがい
追及,ついきゅう
追求,ついきゅう
追究,ついきゅう
探究,たんきゅう
研鑽,けんさん
沈魚落雁,ちんぎょらくがん
閉月羞花,へいげつしゅうか
絶世美人,ぜっせいびじん
才色兼備,さいしょくけんび
容姿端麗,ようしたんれい
眉目秀麗,びもくしゅうれい
品位高雅,ひんいこうが
鶴立鶏群,かくりつけいぐん
出類抜萃,しゅつるいばっすい
超群絶倫,ちょうぐんぜつりん
白眉,はくび
碩学,せきがく
博識,はくしき
博覧,はくらん
博学多才,はくがくたさい
多才多芸,たさいたげい
智勇兼備,ちゆうけんび
謀略縦横,ぼうりゃくじゅうおう
神機妙算,しんきみょうさん
先見之明,せんけんのめい
卓越見識,たくえつけんしき
洞察力,どうさつりょく
慧眼,けいがん
炯眼,けいがん
達観,たっかん
超然,ちょうぜん
飄然,ひょうぜん
偏旁,へんぼう
部首,ぶしゅ
画数,かくすう
筆順,ひつじゅん
字画,じかく
総画,そうかく
楷書体,かいしょたい
明朝体,みんちょうたい
丸文字,まるもじ
憧れ,あこがれ
悩み,なやみ
喜び,よろこび
悲しみ,かなしみ
苦しみ,くるしみ
怒り,いかり
恐れ,おそれ
恥ずかしさ,はずかしさ
寂しさ,さびしさ
懐かしさ,なつかしさ
羨ましさ,うらやましさ
憎しみ,にくしみ
妬み,ねたみ
嫉み,そねみ
損益,そんえき
収益性,しゅうえきせい
効率性,こうりつせい
流動性,りゅうどうせい
収益率,しゅうえきりつ
回転率,かいてんりつ
粗利,あらり
純利,じゅんり
売上高,うりあげだか
総資産,そうしさん
純資産,じゅんしさん
自己資本,じこしほん
他人資本,たにんしほん
流動資産,りゅうどうしさん
固定資産,こていしさん
流動負債,りゅうどうふさい
固定負債,こていふさい
当座比率,とうざひりつ
流動比率,りゅうどうひりつ
排出権,はいしゅつけん
排出量,はいしゅつりょう
代替フロン,だいたいふろん
温室効果,おんしつこうか
熱波,ねつは
洪水被害,こうずいひがい
砂漠化,さばくか
森林減少,しんりんげんしょう
復号,ふくごう
権限,けんげん
脆弱性,ぜいじゃくせい
攻撃,こうげき
防御,ぼうぎょ
侵入,しんにゅう
遮断,しゃだん
脅威,きょうい
問診,もんしん
触診,しょくしん
聴診,ちょうしん
打診,だしん
視診,ししん
尿検査,にょうけんさ
便検査,べんけんさ
画像診断,がぞうしんだん
生検,せいけん
病理,びょうり
病理診断,びょうりしんだん
確定診断,かくていしんだん
鑑別診断,かんべつしんだん
除外診断,じょがいしんだん
亜急性,あきゅうせい
再発性,さいはつせい
難治性,なんじせい
内科,ないか
外科,げか
整形外科,せいけいげか
形成外科,けいせいげか
精神科,せいしんか
神経内科,しんけいないか
循環器,じゅんかんき
消化器,しょうかき
呼吸器,こきゅうき
泌尿器,ひにょうき
産婦人科,さんふじんか
小児科,しょうにか
眼科,がんか
耳鼻,じび
木漏れ日,こもれび
春霞,はるがすみ
朝霧,あさぎり
夕霧,ゆうぎり
夜霧,よぎり
薄霧,うすぎり
深霧,ふかぎり
霧島,きりしま
霧笛,むてき
海霧,うみぎり
雪解,ゆきどけ
雪原,ゆきはら
雪野,ゆきの
雪景色,ゆきげしき
雪化粧,ゆきげしょう
花吹雪,はなふぶき
花筏,はないかだ
花曇,はなぐもり
花冷,はなびえ
花霞,はながすみ
若葉,わかば
深緑,しんりょく
黄葉,こうよう
枯葉,かれは
枯野,かれの
冬枯,ふゆがれ
冬木,ふゆき
臙脂,えんじ
藤色,ふじいろ
菫色,すみれいろ
青紫,あおむらさき
赤紫,あかむらさき
群青,ぐんじょう
水色,みずいろ
萌黄,もえぎ
鶸色,ひわいろ
黄緑,きみどり
若草色,わかくさいろ
山吹色,やまぶきいろ
金色,こんじき
黄土,おうど
枯草色,かれくさいろ
乳白,にゅうはく
象牙色,ぞうげいろ
生成色,きなりいろ
灰白,はいはく
鼠色,ねずみいろ
銀灰,ぎんかい
鉛色,なまりいろ
墨色,すみいろ
墨黒,すみぐろ
黒檀,こくたん
褐色,かっしょく
焦茶,こげちゃ
栗色,くりいろ
赤茶,あかちゃ
宿縁,しゅくえん
宿願,しゅくがん
宿志,しゅくし
誓願,せいがん
夢想,むそう
夢幻,むげん
幻影,げんえい
幻滅,げんめつ
待望,たいぼう
念願,ねんがん
悲願,ひがん
頑強,がんきょう
頑健,がんけん
頑丈,がんじょう
粘り強い,ねばりづよい
寛容,かんよう
寛大,かんだい
寛恕,かんじょ
赦免,しゃめん
宥恕,ゆうじょ
許容,きょよう
容赦,ようしゃ
次第,しだい
所詮,しょせん
結局,けっきょく
畢竟,ひっきょう
換言,かんげん
言換,いいかえ
言葉,ことば
文言,もんごん
字義,じぎ
字句,じく
文句,もんく
言句,げんく
文節,ぶんせつ
語節,ごせつ
音節,おんせつ
音素,おんそ
形態素,けいたいそ
超自然,ちょうしぜん
超現実,ちょうげんじつ
超絶,ちょうぜつ
超人,ちょうじん
超高速,ちょうこうそく
超高層,ちょうこうそう
超精密,ちょうせいみつ
超大国,ちょうたいこく
超強力,ちょうきょうりょく
準決,じゅんけつ
準正,じゅんせい
準則,じゅんそく
準拠,じゅんきょ
副産物,ふくさんぶつ
副収入,ふくしゅうにゅう
副市長,ふくしちょう
非合法,ひごうほう
非公式,ひこうしき
非公開,ひこうかい
非常時,ひじょうじ
非常識,ひじょうしき
不可能,ふかのう
不可逆,ふかぎゃく
不可解,ふかかい
不可欠,ふかけつ
不可侵,ふかしん
無秩序,むちつじょ
無制限,むせいげん
無条件,むじょうけん
無根拠,むこんきょ
無差別,むさべつ
反比例,はんひれい
反作用,はんさよう
反社会,はんしゃかい
反駁,はんばく
逆転,ぎゃくてん
逆行,ぎゃっこう
逆効果,ぎゃっこうか
逆境,ぎゃっきょう
再構築,さいこうちく
再編成,さいへんせい
再確認,さいかくにん
再検討,さいけんとう
再評価,さいひょうか
安心,あんしん
安定,あんてい
安住,あんじゅう
安逸,あんいつ
平静,へいせい
平穏,へいおん
平易,へいい
穏健,おんけん
穏当,おんとう
穏便,おんびん
穏やか,おだやか
和やか,なごやか
和睦,わぼく
調和,ちょうわ
融合,ゆうごう
一致,いっち
整合,せいごう
適合,てきごう
相違,そうい
懸隔,けんかく
落差,らくさ
差異,さい
不均衡,ふきんこう
対立,たいりつ
敵対,てきたい
抗争,こうそう
対決,たいけつ
決戦,けっせん
決着,けっちゃく
移行,いこう
移植,いしょく
移送,いそう
伝承,でんしょう
保持,ほじ
守護,しゅご
護衛,ごえい
防護,ぼうご
侵攻,しんこう
侵略,しんりゃく
侵害,しんがい
撃退,げきたい
撃破,げきは
撃滅,げきめつ
討伐,とうばつ
制圧,せいあつ
鎮圧,ちんあつ
統制,とうせい
解消,かいしょう
観覧,かんらん
鑑賞,かんしょう
鑑定,かんてい
鑑別,かんべつ
査察,ささつ
検査,けんさ
検索,けんさく
検出,けんしゅつ
捜索,そうさく
探索,たんさく
探求,たんきゅう
探偵,たんてい
偵察,ていさつ
諜報,ちょうほう
諜者,ちょうじゃ
密偵,みってい
監査,かんさ
監修,かんしゅう
指導,しどう
指令,しれい
指定,してい
指名,しめい
任命,にんめい
選任,せんにん
選出,せんしゅつ
選択,せんたく
選考,せんこう
選別,せんべつ
選定,せんてい
成就,じょうじゅ
完遂,かんすい
完成,かんせい
完了,かんりょう
終了,しゅうりょう
終結,しゅうけつ
終止,しゅうし
打切,うちきり
中断,ちゅうだん
停止,ていし
休止,きゅうし
延長,えんちょう
延滞,えんたい
遅延,ちえん
遅滞,ちたい
前進,ぜんしん
後退,こうたい
進展,しんてん
発育,はついく
成熟,せいじゅく
熟成,じゅくせい
円熟,えんじゅく
老熟,ろうじゅく
老成,ろうせい
老練,ろうれん
熟練,じゅくれん
習熟,しゅうじゅく
精通,せいつう
専念,せんねん
専心,せんしん
没頭,ぼっとう
傾倒,けいとう
傾注,けいちゅう
注力,ちゅうりょく
注目,ちゅうもく
着目,ちゃくもく
着眼,ちゃくがん
着想,ちゃくそう
発想,はっそう
構想,こうそう
無形,むけい
有形,ゆうけい
遺産,いさん
遺跡,いせき
遺構,いこう
遺物,いぶつ
遺品,いひん
発掘,はっくつ
発見,はっけん
考証,こうしょう
考古,こうこ
復原,ふくげん
復活,ふっかつ
保管,ほかん
保管庫,ほかんこ
収蔵,しゅうぞう
蔵書,ぞうしょ
展示,てんじ
展覧,てんらん
公開,こうかい
公表,こうひょう
掲示,けいじ
告知,こくち
周知,しゅうち
広報,こうほう
予告,よこく
通告,つうこく
製図,せいず
規準,きじゅん
基本,きほん
骨子,こっし
要素,ようそ
要件,ようけん
要因,よういん
要点,ようてん
中枢,ちゅうすう
中心,ちゅうしん
基軸,きじく
品質,ひんしつ
品目,ひんもく
品番,ひんばん
品評,ひんぴょう
品定,しなさだめ
検品,けんぴん
試作,しさく
試運転,しうんてん
試験運用,しけんうんよう
改訂,かいてい
改変,かいへん
改造,かいぞう
修復,しゅうふく
整調,せいちょう
農産業,のうさんぎょう
農協,のうきょう
農村,のうそん
農民,のうみん
作農,さくのう
小作,こさく
小作農,こさくのう
自作農,じさくのう
兼業農家,けんぎょうのうか
専業農家,せんぎょうのうか
有機農業,ゆうきのうぎょう
造林,ぞうりん
間伐,かんばつ
皆伐,かいばつ
択伐,たくばつ
天然更新,てんねんこうしん
人工更新,じんこうこうしん
木材,もくざい
製材,せいざい
合板,ごうはん
集成材,しゅうせいざい
木材加工,もくざいかこう
木工,もっこう
地代,じだい
借地,しゃくち
借地権,しゃくちけん
借家,しゃくや
借家権,しゃくやけん
賃借,ちんしゃく
賃借権,ちんしゃくけん
地上権,ちじょうけん
区分所有,くぶんしょゆう
共有持分,きょうゆうもちぶん
抵当権,ていとうけん
根抵当,ねていとう
抵当流,ていとうながれ
公売,こうばい
任意売却,にんいばいきゃく
不動産,ふどうさん
動産,どうさん
土地台帳,とちだいちょう
登記,とうき
登記簿,とうきぼ
測量,そくりょう
歩行,ほこう
走行,そうこう
疾走,しっそう
驀進,ばくしん
突進,とっしん
横断,おうだん
縦断,じゅうだん
迂回,うかい
逃走,とうそう
逃亡,とうぼう
逃避,とうひ
潜伏,せんぷく
潜入,せんにゅう
突入,とつにゅう
進撃,しんげき
突撃,とつげき
猛攻,もうこう
奇襲,きしゅう
夜襲,やしゅう
強襲,きょうしゅう
急襲,きゅうしゅう
来襲,らいしゅう
包囲,ほうい
包囲網,ほういもう
切断,せつだん
分断,ぶんだん
交代制,こうたいせい
相互,そうご
相乗,あいのり
相乗効果,そうじょうこうか
相補,そうほ
補足,ほそく
補強,ほきょう
強化,きょうか
増強,ぞうきょう
増大,ぞうだい
拡張,かくちょう
拡充,かくじゅう
低下,ていか
縮退,しゅくたい
固体,こたい
液体,えきたい
気体,きたい
固液,こえき
固気,こき
液気,えきき
状態変化,じょうたいへんか
相変態,そうへんたい
相転移,そうてんい
臨界,りんかい
臨界点,りんかいてん
沸点,ふってん
融点,ゆうてん
凝固点,ぎょうこてん
昇華点,しょうかてん
硬度,こうど
剛性,ごうせい
強度,きょうど
脆性,ぜいせい
延性,えんせい
展性,てんせい
粘弾性,ねんだんせい
粘塑性,ねんそせい
導電,どうでん
絶縁,ぜつえん
磁性,じせい
光学,こうがく
反射率,はんしゃりつ
透過率,とうかりつ
吸収率,きゅうしゅうりつ
議員,ぎいん
議席,ぎせき
議長,ぎちょう
副議長,ふくぎちょう
委員長,いいんちょう
小委員会,しょういいんかい
答申,とうしん
勧告,かんこく
建議,けんぎ
提言,ていげん
提案,ていあん
提議,ていぎ
緊急動議,きんきゅうどうぎ
附帯決議,ふたいけつぎ
付帯条件,ふたいじょうけん
付帯事項,ふたいじこう
附則,ふそく
本則,ほんそく
鉱業,こうぎょう
運輸業,うんゆぎょう
通信業,つうしんぎょう
情報業,じょうほうぎょう
保険業,ほけんぎょう
不動産業,ふどうさんぎょう
農林業,のうりんぎょう
水産業,すいさんぎょう
鉱山業,こうざんぎょう
採石業,さいせきぎょう
採砂業,さいさぎょう
電気業,でんきぎょう
ガス業,がすぎょう
水道業,すいどうぎょう
熱供給,ねつきょうきゅう
廃棄物業,はいきぶつぎょう
報道,ほうどう
特派員,とくはいん
社説,しゃせつ
論説,ろんせつ
投書,とうしょ
読者,どくしゃ
購読,こうどく
定期購読,ていきこうどく
購読者,こうどくしゃ
視聴者,しちょうしゃ
聴衆,ちょうしゅう
観客,かんきゃく
傍聴者,ぼうちょうしゃ
著者,ちょしゃ
著作者,ちょさくしゃ
編者,へんしゃ
出版社,しゅっぱんしゃ
印刷所,いんさつしょ
製本,せいほん
装丁,そうてい
表紙,ひょうし
奥付,おくづけ
前書,まえがき
後書,あとがき
序文,じょぶん
跋文,ばつぶん
脚注,きゃくちゅう
傍注,ぼうちゅう
実地,じっち
現場,げんば
現地,げんち
野外,やがい
課題,かだい
課業,かぎょう
予習,よしゅう
復習,ふくしゅう
模擬試験,もぎしけん
小テスト,しょうてすと
定期試験,ていきしけん
大学入試,だいがくにゅうし
センター試験,せんたーしけん
共通テスト,きょうつうてすと
編入,へんにゅう
転入,てんにゅう
転学,てんがく
休学,きゅうがく
復学,ふくがく
除籍,じょせき
修了,しゅうりょう
修得,しゅうとく
藩政,はんせい
天領,てんりょう
旗本,はたもと
御家人,ごけにん
直参,じきさん
幕臣,ばくしん
大老,たいろう
老中,ろうじゅう
若年寄,わかどしより
奉行,ぶぎょう
目付,めつけ
勘定,かんじょう
勘定方,かんじょうがた
勘定奉行,かんじょうぶぎょう
町奉行,まちぶぎょう
寺社奉行,じしゃぶぎょう
大目付,おおめつけ
遠国奉行,おんごくぶぎょう
郡代,ぐんだい
代官,だいかん
番所,ばんしょ
関所,せきしょ
宿場,しゅくば
宿場町,しゅくばまち
街道,かいどう
東海道,とうかいどう
中山道,なかせんどう
甲州道,こうしゅうどう
奥州道,おうしゅうどう
日光道,にっこうどう
喧喧囂囂,けんけんごうごう
侃侃諤諤,かんかんがくがく
騒然,そうぜん
騒擾,そうじょう
騒乱,そうらん
擾乱,じょうらん
紊乱,びんらん
攪乱,かくらん
混乱,こんらん
紛乱,ふんらん
乱脈,らんみゃく
乱立,らんりつ
乱造,らんぞう
乱費,らんぴ
乱用,らんよう
乱発,らんぱつ
濫発,らんぱつ
濫造,らんぞう
濫立,らんりつ
濫費,らんぴ
蠢動,しゅんどう
蠢く,うごめく
蠢き,うごめき
遊弋,ゆうよく
游泳,ゆうえい
遊泳,ゆうえい
游惰,ゆうだ
遊惰,ゆうだ
惰眠,だみん
惰性,だせい
怠惰,たいだ
懈怠,けたい
解弛,かいち
弛緩,しかん
弛張,しちょう
緩怠,かんたい
懶惰,らんだ
無頼,ぶらい
無頼漢,ぶらいかん
浮浪,ふろう
放浪,ほうろう
流浪,るろう
漂泊,ひょうはく
流転,るてん
転変,てんぺん
蒲公英,たんぽぽ
車前草,おおばこ
母子草,ははこぐさ
男郎花,おとこえし
菜の花,なのはな
瞿麦,なでしこ
仙翁,せんのう
竜胆,りんどう
待宵草,まつよいぐさ
鬼灯,ほおずき
朝顔,あさがお
夕顔,ゆうがお
昼顔,ひるがお
月見草,つきみそう
夜来香,やらいこう
烏瓜,からすうり
蛇苺,へびいちご
野苺,のいちご
木苺,きいちご
林檎,りんご
枇杷,びわ
無花果,いちじく
柘榴,ざくろ
木瓜,ぼけ
連翹,れんぎょう
木蓮,もくれん
辛夷,こぶし
白木蓮,はくもくれん
泰山木,たいざんぼく
沙羅,さら
沙羅双樹,さらそうじゅ
菩提樹,ぼだいじゅ
無患子,むくろじ
海豚,いるか
海豹,あざらし
海獺,らっこ
海狗,おっとせい
儒艮,じゅごん
海牛,かいぎゅう
河馬,かば
獅子,しし
羚羊,かもしか
山羊,やぎ
熊猫,ぱんだ
浣熊,あらいぐま
白熊,しろくま
大猩々,ごりら
猩々,しょうじょう
黒猩々,ちんぱんじー
長臂猿,てながざる
鵜飼,うかい
椋鳥,むくどり
翡翠,かわせみ
啄木鳥,きつつき
秋田,あきた
青森,あおもり
岩手,いわて
宮城,みやぎ
山形,やまがた
福島,ふくしま
茨城,いばらき
栃木,とちぎ
群馬,ぐんま
埼玉,さいたま
千葉,ちば
神奈川,かながわ
新潟,にいがた
富山,とやま
石川,いしかわ
福井,ふくい
山梨,やまなし
長野,ながの
岐阜,ぎふ
静岡,しずおか
愛知,あいち
三重,みえ
滋賀,しが
京都,きょうと
大阪,おおさか
兵庫,ひょうご
和歌山,わかやま
鳥取,とっとり
島根,しまね
岡山,おかやま
広島,ひろしま
山口,やまぐち
徳島,とくしま
香川,かがわ
愛媛,えひめ
高知,こうち
福岡,ふくおか
佐賀,さが
長崎,ながさき
熊本,くまもと
大分,おおいた
宮崎,みやざき
鹿児島,かごしま
沖縄,おきなわ
行灯,あんどん
行者,ぎょうじゃ
行商,ぎょうしょう
行脚,あんぎゃ
大人,おとな
大勢,たいせい
大切,たいせつ
上手,じょうず
下手,へた
手紙,てがみ
手前,てまえ
手際,てぎわ
目立,めだつ
目上,めうえ
目下,もっか
足元,あしもと
足取,あしどり
足跡,あしあと
足止,あしどめ
足場,あしば
口実,こうじつ
口調,くちょう
口伝,くでん
口癖,くちぐせ
口元,くちもと
気配,けはい
気遣,きづかい
気概,きがい
気質,きしつ
心得,こころえ
心地,ここち
心掛,こころがけ
心構,こころがまえ
心細,こころぼそい
工匠,こうしょう
細工,さいく
手細工,てざいく
工芸家,こうげいか
鍛冶屋,かじや
宮大工,みやだいく
指物師,さしものし
塗師,ぬりし
漆師,うるしし
陶工,とうこう
陶芸家,とうげいか
染色家,せんしょくか
織物師,おりものし
機織,はたおり
桶師,おけし
桶屋,おけや
左官,さかん
大工,だいく
石工,いしく
瓦師,かわらし
畳師,たたみし
表具師,ひょうぐし
経師,きょうじ
鋳物師,いものし
錺職,かざりしょく
彫物師,ほりものし
蒔絵師,まきえし
螺鈿師,らでんし
精進料理,しょうじんりょうり
懐石料理,かいせきりょうり
会席料理,かいせきりょうり
本膳料理,ほんぜんりょうり
向付,むこうづけ
煮物椀,にものわん
焼物,やきもの
強肴,しいざかな
預鉢,あずけばち
八寸,はっすん
湯桶,ゆとう
水物,みずもの
甘味,あまみ
主菓子,おもがし
干菓子,ひがし
生菓子,なまがし
上生菓子,じょうなまがし
練切,ねりきり
羊羹,ようかん
和菓子,わがし
洋菓子,ようがし
砂糖漬,さとうづけ
蜜漬,みつづけ
塩漬,しおづけ
糠漬,ぬかづけ
浅漬,あさづけ
古漬,ふるづけ
味噌漬,みそづけ
粕漬,かすづけ
酢漬,すづけ
甘酢漬,あまずづけ
柴漬,しばづけ
着物,きもの
振袖,ふりそで
訪問着,ほうもんぎ
付下,つけさげ
小紋,こもん
御召,おめし
羽織,はおり
腰帯,こしおび
半幅帯,はんはばおび
名古屋帯,なごやおび
袋帯,ふくろおび
丸帯,まるおび
染帯,そめおび
織帯,おりおび
金襴帯,きんらんおび
長襦袢,ながじゅばん
半衿,はんえり
伊達衿,だてえり
帯揚,おびあげ
帯締,おびじめ
足袋,たび
草履,ぞうり
下駄,げた
雪駄,せった
木履,ぼっくり
扇子,せんす
団扇,うちわ
巾着,きんちゃく
風呂敷,ふろしき
神話,しんわ
民話,みんわ
昔話,むかしばなし
口承,こうしょう
天地創造,てんちそうぞう
国生み,くにうみ
神代,かみよ
神々,かみがみ
八百万,やおよろず
天照,あまてらす
素戔嗚,すさのお
月読,つくよみ
大国主,おおくにぬし
少彦名,すくなひこな
事代主,ことしろぬし
建御名方,たけみなかた
天照大神,あまてらすおおみかみ
豊受大神,とようけおおみかみ
春日大神,かすがのおおかみ
八幡神,はちまんかみ
稲荷神,いなりかみ
住吉神,すみよしかみ
愛宕神,あたごかみ
無常観,むじょうかん
侘び,わび
寂び,さび
幽玄,ゆうげん
風雅,ふうが
風流,ふうりゅう
風趣,ふうしゅ
趣向,しゅこう
好奇,こうき
物好,ものずき
数寄,すき
風狂,ふうきょう
玄関,げんかん
土間,どま
縁側,えんがわ
廊下,ろうか
押入,おしいれ
納戸,なんど
物置,ものおき
土蔵,どぞう
米蔵,こめぐら
書斎,しょさい
居間,いま
応接間,おうせつま
茶の間,ちゃのま
台所,だいどころ
流し台,ながしだい
風呂場,ふろば
浴室,よくしつ
洗面台,せんめんだい
便所,べんじょ
雪隠,せっちん
手水,ちょうず
外便所,そとべんじょ
屋敷,やしき
邸宅,ていたく
庭園,ていえん
庭石,にわいし
飛石,とびいし
手水鉢,ちょうずばち
灯籠,とうろう
石灯籠,いしどうろう
鳥居,とりい
役所,やくしょ
役場,やくば
市役所,しやくしょ
町役場,まちやくば
村役場,むらやくば
区役所,くやくしょ
都庁,とちょう
道庁,どうちょう
府庁,ふちょう
県庁,けんちょう
庁舎,ちょうしゃ
合同庁舎,ごうどうちょうしゃ
出先機関,でさききかん
地方機関,ちほうきかん
公民館,こうみんかん
市民館,しみんかん
文化会館,ぶんかかいかん
科学館,かがくかん
歴史館,れきしかん
資料館,しりょうかん
公園,こうえん
緑地,りょくち
広場,ひろば
運動場,うんどうじょう
競技場,きょうぎじょう
体育館,たいいくかん
水泳場,すいえいじょう
野球場,やきゅうじょう
漁港,ぎょこう
漁場,ぎょじょう
漁船,ぎょせん
漁民,ぎょみん
漁協,ぎょきょう
水産物,すいさんぶつ
海産物,かいさんぶつ
川魚,かわさかな
養殖魚,ようしょくぎょ
天然魚,てんねんぎょ
刺網,さしあみ
引網,ひきあみ
底引,そこびき
旋網,まきあみ
流し網,ながしあみ
延縄,はえなわ
釣竿,つりざお
釣糸,つりいと
釣針,つりばり
釣餌,つりえさ
撒餌,まきえ
胴突,どうつき
擬物,ぎぶつ
擬音,ぎおん
並列,へいれつ
対偶,たいぐう
韻律,いんりつ
押韻,おういん
頭韻,とういん
脚韻,きゃくいん
内韻,ないいん
七五調,しちごちょう
五七調,ごしちちょう
七七調,しちしちちょう
弦楽,げんがく
管楽,かんがく
打楽,だがく
鍵盤,けんばん
電子楽,でんしがく
甲冑,かっちゅう
陣羽織,じんばおり
陣笠,じんがさ
太刀,たち
脇差,わきざし
短刀,たんとう
薙刀,なぎなた
矢筒,やつつ
弓箭,きゅうせん
火縄銃,ひなわじゅう
種子島,たねがしま
大砲,たいほう
砲台,ほうだい
籠手,こて
典籍,てんせき
漢籍,かんせき
聖典,せいてん
古文書,こもんじょ
古記録,こきろく
古文献,こぶんけん
写本,しゃほん
活字本,かつじぼん
刊本,かんぽん
版本,はんぽん
絵本,えほん
絵巻,えまき
冊子,さっし
巻子,かんす
折本,おりほん
和綴,わとじ
洋装本,ようそうほん
上製本,じょうせいほん
清潔,せいけつ
不潔,ふけつ
浄化,じょうか
除菌,じょきん
抗菌,こうきん
防腐,ぼうふ
変質,へんしつ
老朽,ろうきゅう
陳列,ちんれつ
提示,ていじ
提出,ていしゅつ
提供,ていきょう
通報,つうほう
公告,こうこく
掲載,けいさい
記載,きさい
記述,きじゅつ
記入,きにゅう
記帳,きちょう
記念,きねん
記章,きしょう
標示,ひょうじ
表示,ひょうじ
表記,ひょうき
表現,ひょうげん
表明,ひょうめい
表白,ひょうはく
白状,はくじょう
告白,こくはく
打明,うちあけ
暴露,ばくろ
発覚,はっかく
露見,ろけん
発露,はつろ
発現,はつげん
顕現,けんげん
顕示,けんじ
示威,じい
威示,いじ
示唆,しさ
示教,じきょう
教示,きょうじ
指図,さしず
指南,しなん
刹那,せつな
一瞬,いっしゅん
刹那的,せつなてき
一時的,いちじてき
一時,いちじ
急務,きゅうむ
至急,しきゅう
大急,おおいそぎ
急速,きゅうそく
神速,しんそく
徐々,じょじょ
逐次,ちくじ
順次,じゅんじ
段階,だんかい
段々,だんだん
次第次第,しだいしだい
徐行,じょこう
緩行,かんこう
長期,ちょうき
短期,たんき
中期,ちゅうき
当期,とうき
前期,ぜんき
後期,こうき
期日,きじつ
期末,きまつ
期首,きしゅ
年間,ねんかん
年度末,ねんどまつ
決算期,けっさんき
部署,ぶしょ
部門,ぶもん
部局,ぶきょく
役職,やくしょく
一般職,いっぱんしょく
専門職,せんもんしょく
技術職,ぎじゅつしょく
総合職,そうごうしょく
事務職,じむしょく
営業職,えいぎょうしょく
販売職,はんばいしょく
現業職,げんぎょうしょく
派遣社員,はけんしゃいん
嘱託,しょくたく
顧問,こもん
相談役,そうだんやく
執行役員,しっこうやくいん
会社法,かいしゃほう
行政法,ぎょうせいほう
国際法,こくさいほう
条約法,じょうやくほう
労働法,ろうどうほう
著作権法,ちょさくけんほう
特許法,とっきょほう
商標法,しょうひょうほう
意匠法,いしょうほう
不競法,ふきょうほう
独禁法,どっきんほう
景表法,けいひょうほう
投機,とうき
投機的,とうきてき
資産運用,しさんうんよう
資産形成,しさんけいせい
分散投資,ぶんさんとうし
集中投資,しゅうちゅうとうし
長期投資,ちょうきとうし
短期投資,たんきとうし
株主還元,かぶぬしかんげん
自社株,じしゃかぶ
増資,ぞうし
減資,げんし
発行済,はっこうずみ
顰蹙,ひんしゅく
嫌厭,けんえん
厭悪,えんお
厭離,えんり
厭世,えんせい
厭倦,えんけん
倦怠,けんたい
倦厭,けんえん
憤懣,ふんまん
鬱憤,うっぷん
鬱積,うっせき
鬱屈,うっくつ
苦悩,くのう
苦渋,くじゅう
難渋,なんじゅう
苦衷,くちゅう
内憂,ないゆう
外患,がいかん
憂愁,ゆうしゅう
鬱然,うつぜん
沈鬱,ちんうつ
澱む,よどむ
淀み,よどみ
累積,るいせき
積累,せきるい
積重,つみかさね
積聚,しゃくじゅ
積滞,せきたい
草冠,くさかんむり
竹冠,たけかんむり
禾旁,のぎへん
米旁,こめへん
糸旁,いとへん
木旁,きへん
水旁,さんずい
火旁,ひへん
土旁,つちへん
金旁,かねへん
石旁,いしへん
日旁,ひへん
月旁,つきへん
口旁,くちへん
言旁,ごんべん
足旁,あしへん
手旁,てへん
人旁,にんべん
女旁,おんなへん
心旁,こころへん
帝国主義,ていこくしゅぎ
国家主義,こっかしゅぎ
民族主義,みんぞくしゅぎ
個人主義,こじんしゅぎ
集団主義,しゅうだんしゅぎ
合理主義,ごうりしゅぎ
経験主義,けいけんしゅぎ
観念主義,かんねんしゅぎ
唯物主義,ゆいぶつしゅぎ
唯心主義,ゆいしんしゅぎ
構造主義,こうぞうしゅぎ
人文主義,じんぶんしゅぎ
人道主義,じんどうしゅぎ
博愛主義,はくあいしゅぎ
平和主義,へいわしゅぎ
軍国主義,ぐんこくしゅぎ
覇権主義,はけんしゅぎ
拡張主義,かくちょうしゅぎ
孤立主義,こりつしゅぎ
保護主義,ほごしゅぎ
経済統合,けいざいとうごう
関税同盟,かんぜいどうめい
凡庸,ぼんよう
画一,かくいつ
没個性,ぼつこせい
没趣味,ぼつしゅみ
単調,たんちょう
退屈,たいくつ
無味,むみ
無聊,ぶりょう
倦怠感,けんたいかん
閑散,かんさん
閑暇,かんか
余裕,よゆう
余地,よち
余儀,よぎ
致し方,いたしかた
仕方,しかた
方途,ほうと
方策,ほうさく
方法,ほうほう
手立て,てだて
手懸,てがかり
糸口,いとぐち
端緒,たんしょ
始端,したん
発端,ほったん
起点,きてん
習性,しゅうせい
本能,ほんのう
学習行動,がくしゅうこうどう
条件反射,じょうけんはんしゃ
刷込,すりこみ
刷り込み,すりこみ
帰巣,きそう
帰巣本能,きそうほんのう
渡り,わたり
渡り鳥,わたりどり
回遊,かいゆう
回遊魚,かいゆうぎょ
冬眠,とうみん
夏眠,かみん
休眠,きゅうみん
変温動物,へんおんどうぶつ
恒温動物,こうおんどうぶつ
卵生,らんせい
胎生,たいせい
卵胎生,らんたいせい
単独行動,たんどくこうどう
群れ,むれ
群居,ぐんきょ
社会行動,しゃかいこうどう
縄張,なわばり
縄張り,なわばり
階層,かいそう
順位,じゅんい
優劣,ゆうれつ
求愛,きゅうあい
交配,こうはい
交尾,こうび
産卵,さんらん
抱卵,ほうらん
育雛,いくすう
群れ生活,むれせいかつ
薬理学,やくりがく
薬物動態,やくぶつどうたい
薬物代謝,やくぶつたいしゃ
薬物排泄,やくぶつはいせつ
吸収分布,きゅうしゅうぶんぷ
体内動態,たいないどうたい
半減期,はんげんき
血中濃度,けっちゅうのうど
有効濃度,ゆうこうのうど
中毒濃度,ちゅうどくのうど
致死量,ちしりょう
治療域,ちりょういき
薬物依存,やくぶついぞん
耐性,たいせい
抵抗性,ていこうせい
拮抗薬,きっこうやく
作動薬,さどうやく
遮断薬,しゃだんやく
阻害薬,そがいやく
抗炎症薬,こうえんしょうやく
抗生物質,こうせいぶっしつ
抗ウイルス,こうういるす
抗真菌,こうしんきん
抗原虫,こうげんちゅう
抗寄生虫,こうきせいちゅう
免疫抑制,めんえきよくせい
免疫調整,めんえきちょうせい
生物製剤,せいぶつせいざい
分子標的,ぶんしひょうてき
気候システム,きこうしすてむ
気候モデル,きこうもでる
気候感度,きこうかんど
熱塩循環,ねつえんじゅんかん
表層循環,ひょうそうじゅんかん
深層流,しんそうりゅう
上昇流,じょうしょうりゅう
湧昇流,ゆうしょうりゅう
偏西風,へんせいふう
貿易風,ぼうえきふう
季節風,きせつふう
海陸風,かいりくふう
山谷風,さんこくふう
都市熱島,としねっとう
土地劣化,とちれっか
土壌侵食,どじょうしんしょく
水質汚染,すいしつおせん
悪臭公害,あくしゅうこうがい
光害,ひかりがい
電波障害,でんぱしょうがい
組手,くみて
乱取,らんどり
段位,だんい
初段,しょだん
二段,にだん
三段,さんだん
四段,よんだん
五段,ごだん
六段,ろくだん
七段,しちだん
八段,はちだん
九段,くだん
十段,じゅうだん
準初段,じゅんしょだん
有段,ゆうだん
無段,むだん
黒帯,くろおび
柔道着,じゅうどうぎ
稽古着,けいこぎ
白帯,しろおび
茶帯,ちゃおび
一本,いっぽん
有効,ゆうこう
反則,はんそく
注意,ちゅうい
警告,けいこく
反則負,はんそくまけ
誕生,たんじょう
出生,しゅっせい
出産,しゅっさん
分娩,ぶんべん
産育,さんいく
幼少,ようしょう
幼少期,ようしょうき
少年期,しょうねんき
青年期,せいねんき
壮年期,そうねんき
中年,ちゅうねん
老年,ろうねん
晩年,ばんねん
老齢,ろうれい
高齢,こうれい
超高齢,ちょうこうれい
天寿,てんじゅ
永眠,えいみん
他界,たかい
逝去,せいきょ
薨去,こうきょ
崩御,ほうぎょ
浄土,じょうど
火葬,かそう
土葬,どそう
水葬,すいそう
散骨,さんこつ
樹木葬,じゅもくそう
墓地,ぼち
霊園,れいえん
共同墓地,きょうどうぼち
家族墓,かぞくはか
個人墓,こじんはか
戒名,かいみょう
法名,ほうみょう
俗名,ぞくみょう
位牌,いはい
仏壇,ぶつだん
命題論理,めいだいろんり
述語論理,じゅつごろんり
集合論,しゅうごうろん
数理論理,すうりろんり
証明論,しょうめいろん
モデル理論,もでるりろん
計算論,けいさんろん
データ構造,でーたこうぞう
計算機,けいさんき
整数論,せいすうろん
代数幾何,だいすうきか
位相幾何,いそうきか
微分幾何,びぶんきか
確率論,かくりつろん
統計学,とうけいがく
情報理論,じょうほうりろん
ゲーム理論,げーむりろん
線形計画,せんけいけいかく
非線形,ひせんけい
凸最適化,とつさいてきか
数値解析,すうちかいせき
有限要素,ゆうげんようそ
差分法,さぶんほう
変分法,へんぶんほう
熱力学,ねつりきがく
統計力学,とうけいりきがく
量子力学,りょうしりきがく
ゲージ理論,げーじりろん
標準模型,ひょうじゅんもけい
超対称,ちょうたいしょう
超弦理論,ちょうげんりろん
宇宙論,うちゅうろん
量子場,りょうしば
電弱理論,でんじゃくりろん
統一理論,とういつりろん
反応炉,はんのうろ
核融合炉,かくゆうごうろ
磁場閉込,じばとじこめ
慣性閉込,かんせいとじこめ
文明開化,ぶんめいかいか
殖産興業,しょくさんこうぎょう
富国強兵,ふこくきょうへい
廃藩置県,はいはんちけん
版籍奉還,はんせきほうかん
大政奉還,たいせいほうかん
王政復古,おうせいふっこ
戊辰戦争,ぼしんせんそう
西南戦争,せいなんせんそう
自由民権,じゆうみんけん
明治維新,めいじいしん
明治政府,めいじせいふ
元老院,げんろういん
枢密院,すうみついん
帝国議会,ていこくぎかい
貴族院,きぞくいん
内閣制,ないかくせい
内閣総理,ないかくそうり
日中戦争,にっちゅうせんそう
日露戦争,にちろせんそう
日清戦争,にっしんせんそう
三国干渉,さんごくかんしょう
韓国併合,かんこくへいごう
満州事変,まんしゅうじへん
カイロ宣言,かいろせんげん
ポツダム宣言,ぽつだむせんげん
降伏文書,こうふくぶんしょ
欧州,おうしゅう
北米,ほくべい
南米,なんべい
中米,ちゅうべい
中東,ちゅうとう
東南亜,とうなんあ
南亜,なんあ
東亜,とうあ
中亜,ちゅうあ
西亜,せいあ
北亜,ほくあ
東欧,とうおう
西欧,せいおう
北欧,ほくおう
南欧,なんおう
中欧,ちゅうおう
地中海,ちちゅうかい
大西洋,たいせいよう
太平洋,たいへいよう
インド洋,いんどよう
北極海,ほっきょくかい
南極海,なんきょくかい
北極圏,ほっきょくけん
南極圏,なんきょくけん
南極大陸,なんきょくたいりく
構文,こうぶん
文型,ぶんけい
文章,ぶんしょう
段落,だんらく
音韻,おんいん
形態,けいたい
意味,いみ
語用,ごよう
語用論,ごようろん
談話,だんわ
談話分析,だんわぶんせき
言語習得,げんごしゅうとく
第二言語,だいにげんご
母語,ぼご
母国語,ぼこくご
機械翻訳,きかいほんやく
自動翻訳,じどうほんやく
自然言語,しぜんげんご
心理療法,しんりりょうほう
精神分析,せいしんぶんせき
行動療法,こうどうりょうほう
認知療法,にんちりょうほう
人間中心,にんげんちゅうしん
交流分析,こうりゅうぶんせき
家族療法,かぞくりょうほう
集団療法,しゅうだんりょうほう
芸術療法,げいじゅつりょうほう
遊戯療法,ゆうぎりょうほう
音楽療法,おんがくりょうほう
認知行動,にんちこうどう
弁証法的,べんしょうほうてき
瞑想,めいそう
呼吸法,こきゅうほう
自律訓練,じりつくんれん
筋弛緩,きんしかん
構成主義,こうせいしゅぎ
行動主義,こうどうしゅぎ
認知主義,にんちしゅぎ
探究学習,たんきゅうがくしゅう
発見学習,はっけんがくしゅう
協同学習,きょうどうがくしゅう
個別学習,こべつがくしゅう
自己調整,じこちょうせい
メタ認知,めたにんち
足場かけ,あしばかけ
内発動機,ないはつどうき
外発動機,がいはつどうき
評価規準,ひょうかきじゅん
評価基準,ひょうかきじゅん
容積率,ようせきりつ
建蔽率,けんぺいりつ
高度地区,こうどちく
防火地域,ぼうかちいき
準防火,じゅんぼうか
用途地域,ようとちいき
市街化,しがいか
調整区域,ちょうせいくいき
線引,せんびき
都市計画,としけいかく
区画整理,くかくせいり
土地区画,とちくかく
地区計画,ちくけいかく
エリア管理,えりあかんり
地域おこし,ちいきおこし
地域活性,ちいきかっせい
空き家,あきや
空き地,あきち
遊休地,ゆうきゅうち
未開発地,みかいはつち
要介護,ようかいご
要支援,ようしえん
認定調査,にんていちょうさ
介護認定,かいごにんてい
介護保険,かいごほけん
介護報酬,かいごほうしゅう
居宅介護,きょたくかいご
施設介護,しせつかいご
地域密着,ちいきみっちゃく
特別養護,とくべつようご
サービス付,さーびすつき
訪問介護,ほうもんかいご
訪問看護,ほうもんかんご
訪問リハビリ,ほうもんりはびり
通所リハビリ,つうしょりはびり
居宅療養,きょたくりょうよう
福祉用具,ふくしようぐ
科学革命,かがくかくめい
仮説演繹,かせつえんえき
帰納的,きのうてき
道具主義,どうぐしゅぎ
規約主義,きやくしゅぎ
応用科学,おうようかがく
基礎科学,きそかがく
自然科学,しぜんかがく
社会科学,しゃかいかがく
調性,ちょうせい
調号,ちょうごう
長調,ちょうちょう
短調,たんちょう
変ホ長調,へんほちょうちょう
嬰ハ長調,えいはちょうちょう
無調,むちょう
多調,たちょう
半音,はんおん
全音,ぜんおん
度数,どすう
完全,かんぜん
長短,ちょうたん
和音,わおん
協和音,きょうわおん
不協和音,ふきょうわおん
転回,てんかい
半終止,はんしゅうし
変奏,へんそう
変奏曲,へんそうきょく
対位法,たいいほう
動画,どうが
静止画,せいしが
録画,ろくが
録音,ろくおん
特撮,とくさつ
特効,とっこう
視覚効果,しかくこうか
音響効果,おんきょうこうか
照明効果,しょうめいこうか
配信,はいしん
中継,ちゅうけい
生中継,なまちゅうけい
録画放送,ろくがほうそう
地デジ,ちでじ
衛星放送,えいせいほうそう
配信サービス,はいしんさーびす
需要供給,じゅようきょうきゅう
価格理論,かかくりろん
市場均衡,しじょうきんこう
外部性,がいぶせい
公共財,こうきょうざい
逆選択,ぎゃくせんたく
取引費用,とりひきひよう
損失回避,そんしつかいひ
需要,じゅよう
供給,きょうきゅう
弾力性,だんりょくせい
補完財,ほかんざい
優等財,ゆうとうざい
劣等財,れっとうざい
ギッフェン財,ぎっふぇんざい
正常財,せいじょうざい
限界費用,げんかいひよう
平均費用,へいきんひよう
固定費,こていひ
変動費,へんどうひ
埋没費用,まいぼつひよう
機会費用,きかいひよう
比較優位,ひかくゆうい
絶対優位,ぜったいゆうい
比較劣位,ひかくれつい
特化,とっか
寡占市場,かせんしじょう
独占市場,どくせんしじょう
完全競争,かんぜんきょうそう
ゲーム均衡,げーむきんこう
ナッシュ均衡,なっしゅきんこう
支配戦略,しはいせんりゃく
ピグー税,ぴぐーぜい
法律行為,ほうりつこうい
意思表示,いしひょうじ
意思能力,いしのうりょく
行為能力,こういのうりょく
制限行為,せいげんこうい
未成年者,みせいねんしゃ
成年後見,せいねんこうけん
保佐,ほさ
後見開始,こうけんかいし
法律効果,ほうりつこうか
権利能力,けんりのうりょく
法人格,ほうじんかく
社団,しゃだん
財団,ざいだん
物権,ぶっけん
準物権,じゅんぶっけん
形成権,けいせいけん
抗弁権,こうべんけん
占有権,せんゆうけん
所有権,しょゆうけん
地役権,ちえきけん
用益物権,ようえきぶっけん
担保物権,たんぽぶっけん
留置権,りゅうちけん
先取特権,さきどりとっけん
質権,しちけん
履行遅滞,りこうちたい
履行不能,りこうふのう
解除権,かいじょけん
危険負担,きけんふたん
同時履行,どうじりこう
不法行為,ふほうこうい
過失責任,かしつせきにん
相続,そうぞく
法定相続,ほうていそうぞく
遺産分割,いさんぶんかつ
遺言,いごん
遺贈,いぞう
組織検査,そしきけんさ
細胞診,さいぼうしん
病理組織,びょうりそしき
免疫染色,めんえきせんしょく
腫瘍マーカー,しゅようまーかー
造影剤,ぞうえいざい
腹腔鏡,ふくくうきょう
胸腔鏡,きょうくうきょう
関節鏡,かんせつきょう
脳内視鏡,のうないしきょう
開腹手術,かいふくしゅじゅつ
ロボット手術,ろぼっとしゅじゅつ
局所麻酔,きょくしょますい
全身麻酔,ぜんしんますい
脊椎麻酔,せきついますい
一般病棟,いっぱんびょうとう
特殊病棟,とくしゅびょうとう
糖質,とうしつ
酵素,こうそ
補酵素,ほこうそ
活性部位,かっせいぶい
基質,きしつ
異化,いか
同化,どうか
解糖系,かいとうけい
クエン酸,くえんさん
小胞体,しょうほうたい
ゴルジ体,ごるじたい
転写,てんしゃ
複製,ふくせい
組換,くみかえ
構造タンパク,こうぞうたんぱく
仮想化,かそうか
認証基盤,にんしょうきばん
認可基盤,にんかきばん
公開鍵,こうかいかぎ
秘密鍵,ひみつかぎ
電子署名,でんししょめい
強化学習,きょうかがくしゅう
畳込,たたみこみ
過学習,かがくしゅう
正則化,せいそくか
交差検証,こうさけんしょう
精度,せいど
再現率,さいげんりつ
交通需要,こうつうじゅよう
交通渋滞,こうつうじゅうたい
交通流,こうつうりゅう
交通容量,こうつうようりょう
信号制御,しんごうせいぎょ
系統制御,けいとうせいぎょ
面制御,めんせいぎょ
自動運転,じどううんてん
レベル自動化,れべるじどうか
ハイブリッド車,はいぶりっどしゃ
公共交通,こうきょうこうつう
食料輸入,しょくりょうゆにゅう
食料廃棄,しょくりょうはいき
地産地消,ちさんちしょう
水循環,みずじゅんかん
水収支,みずしゅうし
水需要,みずじゅよう
水供給,みずきょうきゅう
淡水,たんすい
塩水,えんすい
地下水,ちかすい
表流水,ひょうりゅうすい
湧水,わきみず
水道水,すいどうすい
井戸水,いどみず
雨水,あまみず
再生水,さいせいすい
灌漑,かんがい
農業用水,のうぎょうようすい
水利権,すいりけん
取水,しゅすい
放水,ほうすい
自然遺産,しぜんいさん
文化遺産,ぶんかいさん
複合遺産,ふくごういさん
危機遺産,ききいさん
保護区,ほごく
国立公園,こくりつこうえん
国定公園,こくていこうえん
絶滅種,ぜつめつしゅ
在来種,ざいらいしゅ
固有種,こゆうしゅ
希少種,きしょうしゅ
保護種,ほごしゅ
不安障害,ふあんしょうがい
パニック障害,ぱにっくしょうがい
社交不安,しゃこうふあん
適応障害,てきおうしょうがい
摂食障害,せっしょくしょうがい
過食症,かしょくしょう
自己愛性,じこあいせい
依存症,いぞんしょう
アルコール依存,あるこーるいぞん
ギャンブル依存,ぎゃんぶるいぞん
民族学,みんぞくがく
民俗学,みんぞくがく
考古学,こうこがく
参与観察,さんよかんさつ
民族誌,みんぞくし
儀礼,ぎれい
通過儀礼,つうかぎれい
婚姻,こんいん
父系,ふけい
母系,ぼけい
双系,そうけい
族外婚,ぞくがいこん
族内婚,ぞくないこん
互酬性,ごしゅうせい
再分配,さいぶんぱい
贈与,ぞうよ
社会化,しゃかいか
役割,やくわり
地位,ちい
集団,しゅうだん
規範,きはん
社会統制,しゃかいとうせい
政治体制,せいじたいせい
権威主義,けんいしゅぎ
全体主義,ぜんたいしゅぎ
プレート境界,ぷれーときょうかい
海嶺,かいれい
弧状列島,こじょうれっとう
島弧,しまこ
背弧,はいこ
火山弧,かざんこ
大陸棚,たいりくだな
大陸斜面,たいりくしゃめん
大陸隆起,たいりくりゅうき
深海底,しんかいてい
海底山脈,かいていさんみゃく
地磁気,ちじき
磁極,じきょく
磁場逆転,じばぎゃくてん
古地磁気,こちじき
炭素年代,たんそねんだい
ウラン鉛,うらんえん
ヒッグス粒子,ひっぐすりゅうし
電磁力,でんじりょく
連鎖反応,れんさはんのう
臨界質量,りんかいしつりょう
アルファ崩壊,あるふぁほうかい
ベータ崩壊,べーたほうかい
ガンマ線,がんません
有機合成,ゆうきごうせい
全合成,ぜんごうせい
官能基,かんのうき
保護基,ほごき
脱保護,だつほご
選択性,せんたくせい
立体選択,りったいせんたく
不斉合成,ふせいごうせい
鏡像異性,きょうぞういせい
ラセミ体,らせみたい
光学純度,こうがくじゅんど
触媒化学,しょくばいかがく
グリーン化学,ぐりーんかがく
界面化学,かいめんかがく
偏差,へんさ
平年値,へいねんち
長期予報,ちょうきよほう
季節予報,きせつよほう
数値予報,すうちよほう
確率予報,かくりつよほう
予測精度,よそくせいど
不確実性,ふかくじつせい
海面水温,かいめんすいおん
水温躍層,すいおんやくそう
混合層,こんごうそう
深層水温,しんそうすいおん
海水塩分,かいすいえんぶん
シナプス可塑性,しなぷすかそせい
長期増強,ちょうきぞうきょう
長期抑圧,ちょうきよくあつ
作業記憶,さぎょうきおく
エピソード記憶,えぴそーどきおく
意味記憶,いみきおく
手続記憶,てつづきおく
分割注意,ぶんかつちゅうい
実行機能,じっこうきのう
抑制,よくせい
柔軟性,じゅうなんせい
情動調整,じょうどうちょうせい
感情認知,かんじょうにんち
価値論,かちろん
自然哲学,しぜんてつがく
言語哲学,げんごてつがく
科学哲学,かがくてつがく
政治哲学,せいじてつがく
法哲学,ほうてつがく
社会哲学,しゃかいてつがく
道徳哲学,どうとくてつがく
宗教哲学,しゅうきょうてつがく
現象学,げんしょうがく
解釈学,かいしゃくがく
批判理論,ひはんりろん
分析哲学,ぶんせきてつがく
大陸哲学,たいりくてつがく
古典主義,こてんしゅぎ
ロマン主義,ろまんしゅぎ
写実主義,しゃじつしゅぎ
印象主義,いんしょうしゅぎ
表現主義,ひょうげんしゅぎ
立体主義,りったいしゅぎ
未来主義,みらいしゅぎ
抽象表現,ちゅうしょうひょうげん
概念芸術,がいねんげいじゅつ
メイラード反応,めいらーどはんのう
焦げ,こげ
カラメル化,からめるか
乳化,にゅうか
乳化剤,にゅうかざい
タンパク変性,たんぱくへんせい
ゲル化,げるか
発酵,はっこう
醸造,じょうぞう
酒造,しゅぞう
味噌製造,みそせいぞう
酢製造,すせいぞう
漬物製造,つけものせいぞう
燻製,くんせい
塩蔵,えんぞう
糖蔵,とうぞう
瓶詰,びんづめ
地盤調査,じばんちょうさ
地耐力,じたいりょく
支持力,しじりょく
液状化,えきじょうか
N値,えぬち
杭基礎,くいきそ
直接基礎,ちょくせつきそ
ラフト基礎,らふときそ
独立基礎,どくりつきそ
鉄筋コンクリート,てっきんこんくりーと
鉄骨構造,てっこつこうぞう
木造在来,もくぞうざいらい
耐震設計,たいしんせっけい
免震構造,めんしんこうぞう
制振構造,せいしんこうぞう
耐風設計,たいふうせっけい
耐雪設計,たいせつせっけい
工程管理,こうていかんり
安全管理,あんぜんかんり
乳酸閾値,にゅうさんいきち
心肺機能,しんぱいきのう
筋力トレーニング,きんりょくとれーにんぐ
超回復,ちょうかいふく
スポーツ栄養学,すぽーつえいようがく
補給食,ほきゅうしょく
水分補給,すいぶんほきゅう
電解質,でんかいしつ
乾湿,かんしつ
気乾,きかん
気湿,きしつ
蒸留,じょうりゅう
精製,せいせい
抽出,ちゅうしゅつ
濃縮,のうしゅく
希釈,きしゃく
塩基,えんき
イオン化,いおんか
緩衝,かんしょう
緩衝液,かんしょうえき
滴定,てきてい
指示薬,しじやく
吸着,きゅうちゃく
脱着,だっちゃく
透析,とうせき
限外濾過,げんがいろか
暗礁,あんしょう
暗雲,あんうん
暗示,あんじ
暗転,あんてん
暗躍,あんやく
暗黙,あんもく
暗算,あんざん
暗証,あんしょう
陰謀,いんぼう
陰険,いんけん
陰鬱,いんうつ
隠匿,いんとく
隠密,おんみつ
隠居,いんきょ
隠退,いんたい
遺憾,いかん
遺族,いぞく
遺骨,いこつ
遺体,いたい
依拠,いきょ
依然,いぜん
依頼,いらい
依存,いぞん
依怙,えこ
威圧,いあつ
威嚇,いかく
威信,いしん
威勢,いせい
威厳,いげん
異議,いぎ
異見,いけん
異説,いせつ
異端,いたん
異変,いへん
一貫,いっかん
一環,いっかん
一括,いっかつ
一斉,いっせい
一途,いちず
一端,いったん
一段,いちだん
一点,いってん
一転,いってん
引渡,ひきわたし
引受,ひきうけ
引揚,ひきあげ
浮沈,ふちん
浮動,ふどう
浮遊,ふゆう
浮上,ふじょう
鋭敏,えいびん
鋭利,えいり
鋭角,えいかく
鋭気,えいき
鋭意,えいい
縁故,えんこ
縁談,えんだん
縁辺,えんぺん
縁戚,えんせき
援護,えんご
援軍,えんぐん
援用,えんよう
援護射撃,えんごしゃげき
演技,えんぎ
演算,えんざん
演武,えんぶ
汚職,おしょく
汚点,おてん
汚名,おめい
穏和,おんわ
穏然,おんぜん
過激,かげき
過去,かこ
過酷,かこく
過失,かしつ
過大,かだい
過剰,かじょう
過渡,かと
過半,かはん
過負荷,かふか
過密,かみつ
核廃絶,かくはいぜつ
核実験,かくじっけん
確実,かくじつ
確証,かくしょう
確信,かくしん
革除,かくじょ
革変,かくへん
革正,かくせい
活況,かっきょう
活気,かっき
活発,かっぱつ
活躍,かつやく
感化,かんか
感傷,かんしょう
感服,かんぷく
感銘,かんめい
干拓,かんたく
干害,かんがい
干天,かんてん
干潟,ひがた
環状,かんじょう
環節,かんせつ
環流,かんりゅう
環礁,かんしょう
緩急,かんきゅう
緩速,かんそく
換気,かんき
換算,かんさん
換算値,かんさんち
換金,かんきん
慣行,かんこう
慣例,かんれい
慣熟,かんじゅく
機関,きかん
機構,きこう
機能,きのう
機密,きみつ
機略,きりゃく
帰趨,きすう
帰属,きぞく
帰着,きちゃく
帰化,きか
気迫,きはく
気骨,きこつ
気節,きせつ
気品,きひん
規律,きりつ
危惧,きぐ
危機,きき
危殆,きたい
危急,ききゅう
却説,きゃくせつ
却而,かえって
却来,きゃくらい
却下申立,きゃっかもうしたて
境遇,きょうぐう
境地,きょうち
境内,けいだい
強硬,きょうこう
強制,きょうせい
強調,きょうちょう
供述,きょうじゅつ
供出,きょうしゅつ
供託,きょうたく
供用,きょうよう
協和,きょうわ
恐縮,きょうしゅく
恐慮,きょうりょ
後遺症,こういしょう
後継者,こうけいしゃ
後手番,ごてばん
後半部,こうはんぶ
後発隊,こうはつたい
先見性,せんけんせい
先取権,さきどりけん
先端部,せんたんぶ
先発隊,せんぱつたい
先頭集団,せんとうしゅうだん
主力部,しゅりょくぶ
主要因,しゅよういん
主従関係,しゅじゅうかんけい
主体性,しゅたいせい
主眼点,しゅがんてん
中心地,ちゅうしんち
中間管理,ちゅうかんかんり
中期計画,ちゅうきけいかく
中長期,ちゅうちょうき
中核部,ちゅうかくぶ
特定化,とくていか
特注品,とくちゅうひん
特許権,とっきょけん
特例法,とくれいほう
代理人,だいりにん
代替品,だいたいひん
代替手段,だいたいしゅだん
代表者,だいひょうしゃ
総括表,そうかつひょう
総合点,そうごうてん
総勢力,そうせいりょく
総力戦,そうりょくせん
総合政策,そうごうせいさく
基本計画,きほんけいかく
基幹産業,きかんさんぎょう
基準値,きじゅんち
基調変化,きちょうへんか
基盤整備,きばんせいび
摘発,てきはつ
徴収,ちょうしゅう
徴用,ちょうよう
調達,ちょうたつ
調整,ちょうせい
督励,とくれい
督戦,とくせん
督引,とくいん
督府,とくふ
統帥,とうすい
統治,とうち
統括,とうかつ
統率,とうそつ
凌雲,りょううん
凌霜,りょうそう
凌節,りょうせつ
侵占,しんせん
侵犯,しんぱん
侵食,しんしょく
侵奪,しんだつ
侵掠,しんりゃく
奪取,だっしゅ
奪回,だっかい
奪還,だっかん
奪略,だつりゃく
奪権,だっけん
略取,りゃくしゅ
略奪,りゃくだつ
略語,りゃくご
略称,りゃくしょう
略式,りゃくしき
粛清,しゅくせい
粛正,しゅくせい
粛然,しゅくぜん
粛慎,しゅくしん
粛学,しゅくがく
縦横無碍,じゅうおうむげ
縦横奔放,じゅうおうほんぽう
随机応変,ずいきおうへん
臨機応変,りんきおうへん
随時随地,ずいじずいち
随所随時,ずいしょずいじ
春秋筆法,しゅんじゅうひっぽう
春夏秋冬,しゅんかしゅうとう
春宵一刻,しゅんしょういっこく
春風駘蕩,しゅんぷうたいとう
秋霜烈日,しゅうそうれつじつ
秋高馬肥,しゅうこうばひ
秋風索莫,しゅうふうさくばく
秋波,しゅうは
冬温夏清,ふゆあたたかなつすずし
冬眠春醒,とうみんしゅんせい
氷雪交加,ひょうせつこうか
雪月花,ゆきつきはな
雲雨巫山,うんうふざん
雲蒸霞蔚,うんじょうかうつ
雲泥万里,うんでいばんり
風前灯火,ふうぜんともしび
風雲急,ふううんきゅう
風光絶佳,ふうこうぜっか
月下氷人,げっかひょうじん
月明風清,つきあかりかぜきよし
月白風清,げっぱくふうせい
花顔月貌,かがんげつぼう
鉄中錚錚,てっちゅうそうそう
鉄腸石心,てっちょうせきしん
鉄壁金城,てっぺききんじょう
鉄桶江山,てっとうこうざん
金科玉律,きんかぎょくりつ
金甌無欠,きんおうむけつ
金石之交,きんせきのまじわり
金城湯池,きんじょうとうち
銀鱗玉尺,ぎんりんたまじゃく
銀杏,いちょう
金剛石,こんごうせき
金剛力,こんごうりき
金剛界,こんごうかい
勅令,ちょくれい
勅書,ちょくしょ
勅語,ちょくご
詔勅,しょうちょく
詔書,しょうしょ
宣布,せんぷ
宣勅,せんちょく
宣示,せんじ
宣旨,せんじ
幕政,ばくせい
幕閣,ばくかく
幕僚,ばくりょう
幕府崩壊,ばくふほうかい
幕末,ばくまつ
藩士,はんし
藩庁,はんちょう
藩校,はんこう
郡制,ぐんせい
郡守,ぐんしゅ
郡役,ぐんえき
郡衙,ぐんが
郡司,ぐんじ
鬼哭啾啾,きこくしゅうしゅう
鬼面仏心,きめんぶっしん
邪知暴虐,じゃちぼうぎゃく
邪道歪説,じゃどうわいせつ
邪念妄想,じゃねんもうそう
魑魅魍魎,ちみもうりょう
百鬼夜行,ひゃっきやこう
百鬼夜走,ひゃっきやそう
虎穴虎子,こけつこし
狐疑逡巡,こぎしゅんじゅん
蛇行,じゃこう
蛇足,だそく
蛇盤,じゃばん
竜蛇,りゅうじゃ
竜蛇混雑,りゅうじゃこんざつ
竜騰虎闘,りゅうとうことう
竜吟虎嘯,りゅうぎんこしょう
竜驤虎視,りゅうじょうこし
竜飛鳳舞,りゅうひほうぶ
鶏群鶴立,けいぐんかくりつ
漫然,まんぜん
漫文,まんぶん
慢心,まんしん
慢慢,まんまん
未然,みぜん
未解決,みかいけつ
未到達,みとうたつ
未踏破,みとうは
名残,なごり
名案,めいあん
名著,めいちょ
名手,めいしゅ
明快,めいかい
明確,めいかく
明晰,めいせき
明白,めいはく
明朗,めいろう
滅亡,めつぼう
滅却,めっきゃく
滅失,めっしつ
滅私,めっし
滅多,めった
問責,もんせき
問答,もんどう
問責決議,もんせきけつぎ
野蛮,やばん
野望,やぼう
野放,やほうし
野合,やごう
唯一,ゆいいつ
唯我,ゆいが
唯物,ゆいぶつ
唯心,ゆいしん
唯美,ゆいび
輸血,ゆけつ
輸液,ゆえき
余剰,よじょう
余勢,よせい
余命,よめい
要求,ようきゅう
要塞,ようさい
要所,ようしょ
抑圧,よくあつ
抑留,よくりゅう
抑鬱,よくうつ
乱闘,らんとう
乱世,らんせ
乱高下,らんこうげ
乱数,らんすう
累計,るいけい
累進,るいしん
累代,るいだい
累犯,るいはん
冷徹,れいてつ
連鎖,れんさ
連立,れんりつ
浪漫,ろうまん
浪花,なにわ
浪速,なにわ
論旨,ろんし
論調,ろんちょう
論点,ろんてん
論駁,ろんばく
話題,わだい
和議,わぎ
和合,わごう
和順,わじゅん
和戦,わせん
設計図,せっけいず
設計書,せっけいしょ
基本設計,きほんせっけい
詳細設計,しょうさいせっけい
実施設計,じっしせっけい
施工図,せこうず
竣工図,しゅんこうず
完成図,かんせいず
現況図,げんきょうず
現況測量,げんきょうそくりょう
用地測量,ようちそくりょう
路線測量,ろせんそくりょう
縦断測量,じゅうだんそくりょう
横断測量,おうだんそくりょう
水準測量,すいじゅんそくりょう
三角測量,さんかくそくりょう
写真測量,しゃしんそくりょう
地形図,ちけいず
地図,ちず
航空写真,こうくうしゃしん
衛星画像,えいせいがぞう
指針,ししん
綱領,こうりょう
大綱,たいこう
基本方針,きほんほうしん
実施方針,じっしほうしん
行動指針,こうどうししん
行動計画,こうどうけいかく
推進計画,すいしんけいかく
実行計画,じっこうけいかく
工程表,こうていひょう
行程表,こうていひょう
目標値,もくひょうち
数値目標,すうちもくひょう
達成目標,たっせいもくひょう
定性目標,ていせいもくひょう
定量目標,ていりょうもくひょう
重点施策,じゅうてんしさく
優先課題,ゆうせんかだい
懸案事項,けんあんじこう
積残課題,つみのこしかだい
先送課題,さきおくりかだい
問診票,もんしんひょう
診療録,しんりょうろく
医療記録,いりょうきろく
紙診療録,かみしんりょうきろく
診断書,しんだんしょ
処方箋,しょほうせん
調剤録,ちょうざいろく
薬歴,やくれき
服薬指導,ふくやくしどう
入院記録,にゅういんきろく
退院サマリ,たいいんさまり
退院記録,たいいんきろく
転院記録,てんいんきろく
紹介状,しょうかいじょう
同意書,どういしょ
説明同意,せつめいどうい
患者権利,かんじゃけんり
医療倫理,いりょうりんり
研究計画,けんきゅうけいかく
研究倫理,けんきゅうりんり
利益相反,りえきそうはん
二重盲検,にじゅうもうけん
無作為化,むさくいか
症例報告,しょうれいほうこく
比較試験,ひかくしけん
観察研究,かんさつけんきゅう
介入研究,かいにゅうけんきゅう
文献検索,ぶんけんけんさく
引用文献,いんようぶんけん
参考文献,さんこうぶんけん
著者名,ちょしゃめい
査読,さどく
信用組合,しんようくみあい
定期預金,ていきよきん
普通預金,ふつうよきん
当座預金,とうざよきん
外貨預金,がいかよきん
借入,かりいれ
融資申込,ゆうしもうしこみ
審査通過,しんさつうか
与信,よしん
決済,けっさい
即時決済,そくじけっさい
後払い,あとばらい
分割払,ぶんかつばらい
一括払,いっかつばらい
立法機関,りっぽうきかん
司法機関,しほうきかん
独立行政,どくりつぎょうせい
公共機関,こうきょうきかん
特殊法人,とくしゅほうじん
認可法人,にんかほうじん
公益法人,こうえきほうじん
公益財団,こうえきざいだん
公益社団,こうえきしゃだん
国家機関,こっかきかん
中央機関,ちゅうおうきかん
広域機関,こういきかん
造語,ぞうご
造字,ぞうじ
語彙数,ごいすう
語彙教育,ごいきょういく
語彙習得,ごいしゅうとく
語彙拡張,ごいかくちょう
語彙確認,ごいかくにん
語彙試験,ごいしけん
語彙診断,ごいしんだん
迂回路,うかいろ
迂闊,うかつ
迂直,うちょく
迂遠,うえん
旺気,おうき
旺運,おううん
旺期,おうき
旺族,おうぞく
横暴,おうぼう
横領,おうりょう
横行,おうこう
横取,よこどり
押収,おうしゅう
押付,おしつけ
押印,おういん
押捺,おうなつ
押止,おうし
温存,おんぞん
温情,おんじょう
温床,おんしょう
温泉,おんせん
荒削,あらけずり
荒漠,こうばく
荒稼,あらかせぎ
荒波,あらなみ
偽証,ぎしょう
偽作,ぎさく
偽善,ぎぜん
偽物,にせもの
疑惑,ぎわく
疑念,ぎねん
疑義,ぎぎ
疑点,ぎてん
議事,ぎじ
議題,ぎだい
客観,きゃっかん
客観的,きゃっかんてき
客体,きゃくたい
客観視,きゃっかんし
客観性,きゃっかんせい
脅迫状,きょうはくじょう
脅脅,きょうきょう
脅目,きょうもく
共栄,きょうえい
競泳,きょうえい
競馬,けいば
競争率,きょうそうりつ
驚異,きょうい
驚喜,きょうき
驚倒,きょうとう
拒絶,きょぜつ
拒絶反応,きょぜつはんのう
拒否権,きょひけん
拒絶通知,きょぜつつうち
虚栄,きょえい
虚飾,きょしょく
勤務,きんむ
勤労,きんろう
勤倹,きんけん
勤行,ごんぎょう
禁欲,きんよく
禁制,きんせい
禁断,きんだん
禁物,きんもつ
均等,きんとう
均分,きんぶん
均質,きんしつ
均一,きんいつ
緊縮,きんしゅく
緊迫,きんぱく
緊張,きんちょう
憂国,ゆうこく
憂患,ゆうかん
遊説,ゆうぜい
遊学,ゆうがく
遊覧,ゆうらん
遊牧,ゆうぼく
遊歩,ゆうほ
優越,ゆうえつ
優位,ゆうい
優秀,ゆうしゅう
誘惑,ゆうわく
誘因,ゆういん
誘致,ゆうち
誘発,ゆうはつ
誘惑的,ゆうわくてき
予期,よき
予見,よけん
予報,よほう
予断,よだん
要害,ようがい
要衝,ようしょう
要職,ようしょく
要望,ようぼう
擁護,ようご
擁立,ようりつ
擁護論,ようごろん
擁護者,ようごしゃ
擁立運動,ようりつうんどう
用途,ようと
用廃,ようはい
用弁,ようべん
用命,ようめい
用立,ようたて
幼稚,ようち
幼弱,ようじゃく
幼体,ようたい
幼年,ようねん
抑揚,よくよう
抑止力,よくしりょく
欲張,よくばり
欲深,よくぶか
欲界,よっかい
邪悪,じゃあく
邪気,じゃき
邪念,じゃねん
邪道,じゃどう
邪推,じゃすい
弱体,じゃくたい
弱点,じゃくてん
弱体化,じゃくたいか
失格,しっかく
失態,しったい
失墜,しっつい
失速,しっそく
失笑,しっしょう
実害,じつがい
実質,じっしつ
実勢,じっせい
実態,じったい
実直,じっちょく
執務,しゅうむ
執政,しっせい
熟慮,じゅくりょ
熟知,じゅくち
熟読,じゅくどく
熟考,じゅっこう
受容,じゅよう
受理,じゅり
受難,じゅなん
受賞,じゅしょう
受諾,じゅだく
衆目,しゅうもく
衆議,しゅうぎ
衆愚,しゅうぐ
衆知,しゅうち
衆生,しゅじょう
集約,しゅうやく
集落,しゅうらく
従順,じゅうじゅん
従来,じゅうらい
従属,じゅうぞく
従事,じゅうじ
従軍,じゅうぐん
縦隊,じゅうたい
縦列,じゅうれつ
縦走,じゅうそう
縦覧,じゅうらん
諸問題,しょもんだい
諸条件,しょじょうけん
諸事情,しょじじょう
諸費用,しょひよう
諸制度,しょせいど
処断,しょだん
処刑,しょけい
処罰,しょばつ
処遇,しょぐう
書証,しょしょう
書類,しょるい
書面,しょめん
書記,しょき
書状,しょじょう
敵意,てきい
敵愾,てきがい
敵国,てきこく
敵陣,てきじん
鉄則,てっそく
鉄板,てっぱん
鉄壁,てっぺき
鉄人,てつじん
鉄面皮,てつめんぴ
転嫁,てんか
転機,てんき
転倒,てんとう
転落,てんらく
典礼,てんれい
典型,てんけい
典雅,てんが
典拠,てんきょ
典範,てんぱん
点在,てんざい
点数,てんすう
点滴,てんてき
点描,てんびょう
添削,てんさく
添付,てんぷ
添乗,てんじょう
添景,てんけい
添書,そえがき
被告人,ひこくにん
被験者,ひけんしゃ
被援者,ひえんしゃ
被後見人,ひこうけんにん
被保佐人,ひほさにん
被補助人,ひほじょにん
被相続人,ひそうぞくにん
第一審,だいいっしん
第二審,だいにしん
第三審,だいさんしん
最高裁,さいこうさい
高等裁,こうとうさい
地方裁,ちほうさい
家庭裁,かていさい
簡易裁,かんいさい
行政裁,ぎょうせいさい
知財裁,ちざいさい
強制執行,きょうせいしっこう
仮執行,かりしっこう
執行停止,しっこうていし
執行命令,しっこうめいれい
逸失利益,いっしつりえき
弾み,はずみ
弾力,だんりょく
弾圧,だんあつ
弾道,だんどう
惰力,だりょく
惰気,だき
惰行,だこう
倦む,うむ
倦きる,あきる
倦足,けんそく
徐速,じょそく
徐脈,じょみゃく
徐変,じょへん
頓挫,とんざ
頓死,とんし
頓悟,とんご
頓智,とんち
頓服,とんぷく
嫌気,いやけ
嫌疑,けんぎ
嫌忌,けんき
慨世,がいせい
慨然,がいぜん
峻拒,しゅんきょ
峻別,しゅんべつ
峻厳,しゅんげん
峻険,しゅんけん
峻急,しゅんきゅう
陥没,かんぼつ
陥落,かんらく
陥入,かんにゅう
陥穽,かんせい
陥害,かんがい
払底,ふってい
払拭,ふっしょく
払下,はらいさげ
払込,はらいこみ
蒐蔵,しゅうぞう
蒐羅,しゅうら
蒐録,しゅうろく
蒐材,しゅうざい
贈呈,ぞうてい
贈賄,ぞうわい
贈物,おくりもの
贈答,ぞうとう
賄賂,わいろ
賄ける,まかなう
賄費,まかないひ
収賄,しゅうわい
掌握力,しょうあくりょく
掌中,しょうちゅう
掌内,しょうない
掌上,しょうじょう
斥候,せっこう
斥力,せきりょく
斥けられる,しりぞけられる
斥発,せきはつ
斥責,せきせき
摂取,せっしゅ
摂政,せっしょう
摂食,せっしょく
摂理,せつり
摂律,せつりつ
籠城,ろうじょう
籠球,かごきゅう
籠居,ろうきょ
跋渉,ばっしょう
剽疾,ひょうしつ
剽悍,ひょうかん
剽軽,ひょうきん
剽盗,ひょうとう
霜柱,しもばしら
霜害,そうがい
霜焼,しもやけ
霜解,しもどけ
霜夜,しもよ
雷光,らいこう
雷声,らいせい
降雪,こうせつ
積雪量,せきせつりょう
新雪,しんせつ
粉雪,こなゆき
牡丹雪,ぼたんゆき
小雪,こゆき
細雪,ささめゆき
湿雪,しっせつ
乾雪,かんせつ
凍雪,とうせつ
着雪,ちゃくせつ
氷雨,ひさめ
冬雨,ふゆさめ
秋雨,あきさめ
夕立,ゆうだち
驟雨,しゅうう
恵雨,けいう
甘雨,かんう
慈雨,じう
淫雨,いんう
霖雨,りんう
連雨,れんう
陰天,いんてん
快晴,かいせい
小晴,こはれ
色彩学,しきさいがく
色相,しきそう
彩度,さいど
明度,めいど
輝度,きど
補色,ほしょく
類似色,るいじしょく
対比色,たいひしょく
配色,はいしょく
調色,ちょうしょく
原色,げんしょく
混色,こんしょく
減法混色,げんぽうこんしょく
加法混色,かほうこんしょく
半数,はんすう
全数,ぜんすう
少数,しょうすう
多数,たすう
三分,さんぶん
三割,さんわり
三成,さんなり
三倍,さんばい
三等分,さんとうぶん
二分,にぶん
二割,にわり
二倍,にばい
二等分,にとうぶん
半分,はんぶん
数倍,すうばい
数十,すうじゅう
数百,すうひゃく
数千,すうせん
数万,すうまん
無数,むすう
無限,むげん
有限,ゆうげん
大多数,だいたすう
少数派,しょうすうは
野鳥,やちょう
飼鳥,しちょう
留鳥,りゅうちょう
迷鳥,めいちょう
夏鳥,なつどり
冬鳥,ふゆどり
旅鳥,たびどり
漂鳥,ひょうちょう
爬虫類,はちゅうるい
両生類,りょうせいるい
無脊椎,むせきつい
節足動物,せっそくどうぶつ
軟体動物,なんたいどうぶつ
棘皮動物,きょくひどうぶつ
環形動物,かんけいどうぶつ
木本,もくほん
草本,そうほん
常緑樹,じょうりょくじゅ
落葉樹,らくようじゅ
針葉樹,しんようじゅ
広葉樹,こうようじゅ
低木,ていぼく
高木,たかぎ
巨木,きょぼく
老木,ろうぼく
幼木,ようぼく
苗木,なえぎ
実生,みしょう
挿木,さしき
接木,つぎき
充足,じゅうそく
充実感,じゅうじつかん
達成感,たっせいかん
有能感,ゆうのうかん
劣等感,れっとうかん
優越感,ゆうえつかん
孤独感,こどくかん
疎外感,そがいかん
帰属感,きぞくかん
安心感,あんしんかん
信頼感,しんらいかん
親密感,しんみつかん
一体感,いったいかん
連帯感,れんたいかん
危機感,ききかん
焦燥感,しょうそうかん
閉塞感,へいそくかん
喪失感,そうしつかん
虚無感,きょむかん
違和感,いわかん
不快感,ふかいかん
嫌悪感,けんおかん
羞恥心,しゅうちしん
音読み,おんよみ
訓読み,くんよみ
重箱読,じゅうばこよみ
湯桶読,ゆとうよみ
字音,じおん
字訓,じくん
慣用音,かんようおん
常用漢字,じょうようかんじ
人名漢字,じんめいかんじ
当用漢字,とうようかんじ
教育漢字,きょういくかんじ
旧字体,きゅうじたい
新字体,しんじたい
正字体,せいじたい
略字体,りゃくじたい
俗字体,ぞくじたい
異体字,いたいじ
国字,こくじ
和製漢字,わせいかんじ
国訓,こっくん
国音,こくおん
難読字,なんどくじ
当て字,あてじ
義訓,ぎくん
熟字訓,じゅくじくん
字形,じけい
陛下,へいか
殿下,でんか
閣下,かっか
猊下,げいか
台下,だいか
皇帝,こうてい
国王,こくおう
女王,じょおう
親王,しんのう
王妃,おうひ
皇后,こうごう
皇子,おうじ
皇女,おうじょ
皇族,こうぞく
皇室,こうしつ
華族,かぞく
士族,しぞく
宰相,さいしょう
丞相,じょうしょう
太政官,だじょうかん
太政大臣,だじょうだいじん
右大臣,うだいじん
左大臣,さだいじん
内大臣,ないだいじん
関白,かんぱく
神殿,しんでん
本殿,ほんでん
拝殿,はいでん
幣殿,へいでん
回廊,かいろう
参道,さんどう
社務所,しゃむしょ
金堂,こんどう
講堂,こうどう
鐘楼,しょうろう
塔頭,たっちゅう
仁王門,におうもん
山門,さんもん
総門,そうもん
三門,さんもん
楼門,ろうもん
城郭,じょうかく
天守,てんしゅ
天守閣,てんしゅかく
本丸,ほんまる
二の丸,にのまる
三の丸,さんのまる
曲輪,くるわ
土塁,どるい
石垣,いしがき
堀切,ほりきり
空堀,からほり
水堀,みずほり
外堀,そとぼり
谷底,たにぞこ
谷合,たにあい
谷間,たにあい
尾根,おね
稜線,りょうせん
山脊,さんせき
主稜,しゅりょう
分水嶺,ぶんすいれい
平地,へいち
段丘,だんきゅう
沖積,ちゅうせき
氾濫原,はんらんげん
自然堤防,しぜんていぼう
後背湿地,こうはいしっち
三角州,さんかくす
砂州,さす
砂丘,さきゅう
海岸段丘,かいがんだんきゅう
海食崖,かいしょくがい
リアス海岸,りあすかいがん
砂浜,すなはま
礫浜,れきはま
岩浜,いわはま
金鉱,きんこう
銀鉱,ぎんこう
銅鉱,どうこう
鉄鉱,てっこう
亜鉛鉱,あえんこう
錫鉱,すずこう
鉛鉱,なまりこう
白金,はっきん
金属鉱物,きんぞくこうぶつ
非金属鉱,ひきんぞくこう
宝石,ほうせき
準宝石,じゅんほうせき
貴石,きせき
珊瑚,さんご
琥珀,こはく
瑪瑙,めのう
紅玉,こうぎょく
蒼玉,そうぎょく
緑玉,りょくぎょく
黄玉,こうぎょく
紫水晶,むらさきすいしょう
東雲,しののめ
夕暮,ゆうぐれ
黄昏,たそがれ
夜更,よふけ
真夜中,まよなか
夜明,よあけ
朝焼,あさやけ
夕焼,ゆうやけ
霖雨期,りんうき
梅雨明,つゆあけ
梅雨入,つゆいり
梅雨末期,つゆまっき
梅雨前線,つゆぜんせん
秋雨前線,あきさめぜんせん
秋晴,あきばれ
秋霖,しゅうりん
秋霜,しゅうそう
出汁,だし
昆布,こんぶ
鰹節,かつおぶし
煮干,にぼし
椎茸,しいたけ
干椎茸,ほしいたけ
干瓢,かんぴょう
高野豆腐,こうやどうふ
焼豆腐,やきどうふ
油揚,あぶらあげ
生麩,なまふ
焼麩,やきふ
車麩,くるまふ
観世麩,かんぜふ
松茸,まつたけ
舞茸,まいたけ
平茸,ひらたけ
占地,しめじ
牛蒡,ごぼう
蓮根,れんこん
慈姑,くわい
百合根,ゆりね
山芋,やまいも
長芋,ながいも
大和芋,やまといも
自然薯,じねんじょ
零余子,むかご
里芋,さといも
藍染,あいぞめ
紅染,べにぞめ
草木染,くさきぞめ
型染,かたぞめ
絞染,しぼりぞめ
友禅染,ゆうぜんぞめ
江戸小紋,えどこもん
京友禅,きょうゆうぜん
加賀友禅,かがゆうぜん
博多織,はかたおり
西陣織,にしじんおり
大島紬,おおしまつむぎ
結城紬,ゆうきつむぎ
久留米絣,くるめかすり
伊予絣,いよかすり
竹細工,たけざいく
藤細工,ふじざいく
桐細工,きりざいく
桜細工,さくらざいく
杉細工,すぎざいく
木目込,きめこみ
御所人形,ごしょにんぎょう
博多人形,はかたにんぎょう
土人形,つちにんぎょう
張子,はりこ
達磨,だるま
土鈴,どれい
絵馬,えま
初日の出,はつひので
若水,わかみず
雑煮,ぞうに
お屠蘇,おとそ
鏡餅,かがみもち
七草粥,ななくさがゆ
松飾,まつかざり
注連縄,しめなわ
門松,かどまつ
破魔矢,はまや
書初,かきぞめ
凧揚,たこあげ
獅子舞,ししまい
福笑,ふくわらい
百人一首,ひゃくにんいっしゅ
豆まき,まめまき
恵方巻,えほうまき
雛人形,ひなにんぎょう
桃の節句,もものせっく
端午節句,たんごのせっく
五月人形,ごがつにんぎょう
鯉幟,こいのぼり
矢立,やたて
柏餅,かしわもち
菖蒲湯,しょうぶゆ
七夕飾,たなばたかざり
短冊,たんざく
笹竹,ささたけ
吹き流し,ふきながし
星祭,ほしまつり
お月見,おつきみ
月見団子,つきみだんご
芋名月,いもめいげつ
豆名月,まめめいげつ
十五夜,じゅうごや
年越蕎麦,としこしそば
除夜の鐘,じょやのかね
年越,としこし
加護,かご
加増,かぞう
加害,かがい
仮定,かてい
仮称,かしょう
仮登記,かりとうき
悔悟,かいご
悔改,くいあらため
悔過,けか
怪異,かいい
怪談,かいだん
怪盗,かいとう
怪物,かいぶつ
皆勤,かいきん
皆納,かいのう
皆伝,かいでん
皆無,かいむ
皆目,かいもく
改悛,かいしゅん
改心,かいしん
改装,かいそう
改典,かいてん
概算,がいさん
概数,がいすう
概説,がいせつ
街頭,がいとう
街路,がいろ
街灯,がいとう
街角,まちかど
拡声,かくせい
拡声器,かくせいき
拡大鏡,かくだいきょう
拡幅,かくふく
核家族,かくかぞく
核戦力,かくせんりょく
核保有,かくほゆう
核軍縮,かくぐんしゅく
学識,がくしき
学則,がくそく
学童,がくどう
学風,がくふう
学友,がくゆう
活劇,かつげき
活断層,かつだんそう
活版,かっぱん
活物,かつぶつ
活路,かつろ
渇仰,かつごう
渇望,かつぼう
渇愛,かつあい
渇求,かっきゅう
渇水,かっすい
鑑識,かんしき
鑑定書,かんていしょ
鑑賞眼,かんしょうがん
鑑賞力,かんしょうりょく
鑑別所,かんべつしょ
勧誘,かんゆう
勧進,かんじん
勧奨,かんしょう
勧業,かんぎょう
既得,きとく
既製,きせい
既存,きそん
既成,きせい
既往,きおう
機運,きうん
機敏,きびん
機転,きてん
機縁,きえん
規模,きぼ
規格化,きかくか
規定値,きていち
規則性,きそくせい
技法,ぎほう
技量,ぎりょう
技倆,ぎりょう
技場,ぎじょう
技能検定,ぎのうけんてい
義理,ぎり
義務的,ぎむてき
義烈,ぎれつ
議事堂,ぎじどう
議会制,ぎかいせい
議決権,ぎけつけん
議場,ぎじょう
境目,さかいめ
境外,きょうがい
共感帯,きょうかんたい
共同体,きょうどうたい
共同作業,きょうどうさぎょう
共鳴板,きょうめいばん
共有地,きょうゆうち
強意,きょうい
強引,ごういん
強固,きょうこ
強気,つよき
強欲,ごうよく
教導,きょうどう
教壇,きょうだん
教条,きょうじょう
凝集,ぎょうしゅう
凝滞,ぎょうたい
凝着,ぎょうちゃく
業務,ぎょうむ
業績,ぎょうせき
業態,ぎょうたい
業界,ぎょうかい
業容,ぎょうよう
欣快,きんかい
欣然,きんぜん
欣幸,きんこう
欣慕,きんぼ
均整,きんせい
均衡点,きんこうてん
均質化,きんしつか
均分化,きんぶんか
均一化,きんいつか
策謀,さくぼう
策動,さくどう
策士,さくし
策略,さくりゃく
散漫,さんまん
散財,さんざい
散逸,さんいつ
散策,さんさく
殺気,さっき
殺傷,さっしょう
殺到,さっとう
殺伐,さつばつ
殺陣,たて
三者,さんしゃ
三極,さんきょく
三角,さんかく
三権,さんけん
三格,さんかく
賛同,さんどう
賛美,さんび
賛助,さんじょ
賛辞,さんじ
暫時,ざんじ
暫間,ざんかん
暫日,ざんじつ
暫定的,ざんていてき
思惑,おもわく
思惑筋,おもわくすじ
思弁,しべん
施行,しこう
施政,しせい
施術,しじゅつ
施主,せしゅ
施設利用,しせつりよう
志気,しき
志操,しそう
志向,しこう
志望校,しぼうこう
志願者,しがんしゃ
事変,じへん
事態,じたい
事由,じゆう
事象,じしょう
事項,じこう
時宜,じぎ
時務,じむ
時弊,じへい
時流,じりゅう
時勢,じせい
実状,じっじょう
実際,じっさい
実力,じつりょく
収拾,しゅうしゅう
収用,しゅうよう
収容,しゅうよう
収奪,しゅうだつ
収縮,しゅうしゅく
主将,しゅしょう
主催,しゅさい
主権者,しゅけんしゃ
主導権,しゅどうけん
主力艦,しゅりょくかん
守備,しゅび
守勢,しゅせい
守旧,しゅきゅう
守備範囲,しゅびはんい
守護神,しゅごしん
受命,じゅめい
受益,じゅえき
受益者,じゅえきしゃ
受益権,じゅえきけん
受益人,じゅえきにん
出動,しゅつどう
出廷,しゅってい
出征,しゅっせい
出馬,しゅつば
出仕,しゅっし
循環論,じゅんかんろん
循環系,じゅんかんけい
循環器科,じゅんかんきか
循環経済,じゅんかんけいざい
純化,じゅんか
純益,じゅんえき
純正,じゅんせい
純然,じゅんぜん
純粋,じゅんすい
証左,しょうさ
衝撃,しょうげき
衝動,しょうどう
衝突事故,しょうとつじこ
衝動買,しょうどうがい
衝動的,しょうどうてき
称揚,しょうよう
称賛,しょうさん
称号,しょうごう
称呼,しょうこ
称名,しょうみょう
浸透圧,しんとうあつ
浸食作用,しんしょくさよう
浸水被害,しんすいひがい
浸出水,しんしゅつすい
浸潤性,しんじゅんせい
臣従,しんじゅう
臣民,しんみん
臣下,しんか
臣服,しんぷく
臣節,しんせつ
審議会,しんぎかい
審判員,しんぱんいん
審問,しんもん
審決,しんけつ
審理,しんり
真偽,しんぎ
真摯,しんし
真骨頂,しんこっちょう
真剣勝負,しんけんしょうぶ
真相究明,しんそうきゅうめい
大仰,おおぎょう
大義,たいぎ
大局,たいきょく
大差,たいさ
大志,たいし
大勝,たいしょう
大政,たいせい
大戦,たいせん
大典,たいてん
大任,たいにん
脱却,だっきゃく
脱線,だっせん
脱走,だっそう
脱落,だつらく
達意,たつい
達見,たっけん
達成度,たっせいど
達人,たつじん
弾圧政策,だんあつせいさく
弾核,だんかく
弾劾裁,だんがいさい
弾糾,だんきゅう
端的,たんてき
端正,たんせい
端倪,たんげい
端麗,たんれい
短命,たんめい
短慮,たんりょ
短絡,たんらく
短絡思考,たんらくしこう
短絡的,たんらくてき
知悉,ちしつ
知略,ちりゃく
知命,ちめい
知恵袋,ちえぶくろ
知謀,ちぼう
忠言,ちゅうげん
忠実,ちゅうじつ
忠臣,ちゅうしん
懲悪,ちょうあく
懲役刑,ちょうえきけい
懲戒,ちょうかい
懲処,ちょうしょ
懲罰,ちょうばつ
直訴,じきそ
直感,ちょっかん
直観,ちょっかん
直截,ちょくせつ
直情,ちょくじょう
逐語,ちくご
逐年,ちくねん
逐電,ちくでん
逐条,ちくじょう
抽象性,ちゅうしょうせい
抽象論,ちゅうしょうろん
抽出法,ちゅうしゅつほう
抽選会,ちゅうせんかい
抽籤,ちゅうせん
追求心,ついきゅうしん
追及調査,ついきゅうちょうさ
追随,ついずい
追従,ついじゅう
追訴,ついそ
通暁,つうぎょう
通謀,つうぼう
通例,つうれい
通観,つうかん
定例,ていれい
定款,ていかん
定型,ていけい
定石,じょうせき
定論,ていろん
抵抗力,ていこうりょく
抵触,ていしょく
抵牾,ていご
抵排,ていはい
典型例,てんけいれい
典憲,てんけん
典庫,てんこ
転換期,てんかんき
転換点,てんかんてん
転換社債,てんかんしゃさい
転換律,てんかんりつ
内乱,ないらん
内部告発,ないぶこくはつ
内輪,うちわ
内応,ないおう
難航,なんこう
難局,なんきょく
難行,なんぎょう
難易,なんい
難儀,なんぎ
認知度,にんちど
認可制,にんかせい
認定基準,にんていきじゅん
認定証,にんていしょう
認定書,にんていしょ
熱烈,ねつれつ
熱弁,ねつべん
熱意,ねつい
熱狂,ねっきょう
熱誠,ねっせい
念頭,ねんとう
念慮,ねんりょ
念力,ねんりき
念押,ねんお
罵声,ばせい
罵言,ばげん
罵詈,ばり
罵詈雑言,ばりぞうごん
廃案,はいあん
廃坑,はいこう
廃寺,はいじ
廃村,はいそん
排他,はいた
排他主義,はいたしゅぎ
排外,はいがい
排外主義,はいがいしゅぎ
排斥,はいせき
反感,はんかん
反旗,はんき
反逆,はんぎゃく
反抗期,はんこうき
反動,はんどう
反目,はんもく
反目視,はんもくし
反発心,はんぱつしん
反響,はんきょう
卑下,ひげ
卑屈,ひくつ
卑賤,ひせん
悲喜劇,ひきげき
悲惨,ひさん
悲運,ひうん
悲境,ひきょう
悲壮,ひそう
被疑点,ひぎてん
被告席,ひこくせき
被告弁護,ひこくべんご
被告人権,ひこくじんけん
批准書,ひじゅんしょ
批難,ひなん
批評家,ひひょうか
批判的,ひはんてき
批判眼,ひはんがん
表題,ひょうだい
表彰,ひょうしょう
表敬,ひょうけい
表決,ひょうけつ
奮闘,ふんとう
奮発,ふんぱつ
奮戦,ふんせん
奮起,ふんき
奮迅,ふんじん
紛糾,ふんきゅう
紛議,ふんぎ
紛争地,ふんそうち
紛争解決,ふんそうかいけつ
腐心,ふしん
腐敗防止,ふはいぼうし
腐朽化,ふきゅうか
分裂国家,ぶんれつこっか
分裂症,ぶんれつしょう
分裂状態,ぶんれつじょうたい
分離主義,ぶんりしゅぎ
分離独立,ぶんりどくりつ
平伏,へいふく
平服,へいふく
平衡感覚,へいこうかんかく
平生,へいぜい
平素,へいそ
片言,かたこと
片思,かたおもい
片務,かたむ
片道,かたみち
片言隻語,かたことせきご
保障,ほしょう
保釈金,ほしゃくきん
保釈請求,ほしゃくせいきゅう
保釈許可,ほしゃくきょか
暴走,ぼうそう
暴威,ぼうい
暴逆,ぼうぎゃく
暴虐,ぼうぎゃく
暴言,ぼうげん
満悦,まんえつ
満腔,まんこう
満喫,まんきつ
満期,まんき
漫延,まんえん
漫語,まんご
漫評,まんひょう
漫遊,まんゆう
冥利,みょうり
冥加,みょうが
冥土,めいど
冥界,めいかい
命脈,めいみゃく
命課,めいか
命運,めいうん
命懸,いのちがけ
妄説,もうせつ
妄信,もうしん
妄動,もうどう
妄断,もうだん
妄言,もうげん
木石,もくせき
木訥,ぼくとつ
木葉,このは
木本草本,もくほんそうほん
木精,もくせい
目測,もくそく
目算,もくさん
目睫,もくしょう
目標額,もくひょうがく
落胆,らくたん
落城,らくじょう
落魄,らくはく
落伍,らくご
落着,おちつき
乱心,らんしん
乱雑,らんざつ
乱暴,らんぼう
離合,りごう
離島,りとう
離脱,りだつ
理屈,りくつ
理窟,りくつ
理財,りざい
理論化,りろんか
理念型,りねんがた
立志,りっし
立脚,りっきゃく
立証,りっしょう
立憲,りっけん
立法化,りっぽうか
律儀,りちぎ
律動,りつどう
律格,りっかく
律詩,りっし
律文,りつぶん
略歴,りゃくれき
略伝,りゃくでん
略記,りゃっき
略図,りゃくず
略述,りゃくじゅつ
列記,れっき
列伝,れつでん
列強,れっきょう
廉価,れんか
廉直,れんちょく
廉節,れんせつ
廉士,れんし
廉明,れんめい
連帯責任,れんたいせきにん
連帯債務,れんたいさいむ
連帯納税,れんたいのうぜい
老衰,ろうすい
老耄,おいぼれ
老巧,ろうこう
論客,ろんきゃく
論鋒,ろんぽう
論評,ろんぴょう
論著,ろんちょ
和諧,わかい
和親,わしん
和約,わやく
和平条約,わへいじょうやく
枠組,わくぐみ
枠外,わくがい
枠内,わくない
枠組み,わくぐみ
枠定,わくてい
実現可能,じつげんかのう
実現性,じつげんせい
実現手段,じつげんしゅだん
実現条件,じつげんじょうけん
実現化,じつげんか
理想郷,りそうきょう
理想像,りそうぞう
理想主義,りそうしゅぎ
理想社会,りそうしゃかい
現実主義,げんじつしゅぎ
現実認識,げんじつにんしき
現実問題,げんじつもんだい
現実路線,げんじつろせん
相互依存,そうごいぞん
相互扶助,そうごふじょ
相互理解,そうごりかい
相互尊重,そうごそんちょう
相互承認,そうごしょうにん
潜在性,せんざいせい
実在性,じつざいせい
必然性,ひつぜんせい
偶然性,ぐうぜんせい
時間軸,じかんじく
空間軸,くうかんじく
世代間,せだいかん
世代交代,せだいこうたい
安堵感,あんどかん
安寧,あんねい
安閑,あんかん
安穏無事,あんのんぶじ
圧倒,あっとう
圧巻,あっかん
圧死,あっし
圧迫感,あっぱくかん
維持費,いじひ
維管束,いかんそく
維新運動,いしんうんどう
維新後,いしんご
意義深長,いぎしんちょう
意義,いぎ
意図的,いとてき
意図,いと
意表,いひょう
一挙,いっきょ
一挙一動,いっきょいちどう
一騎打,いっきうち
因循,いんじゅん
因習,いんしゅう
因果関係,いんがかんけい
因縁話,いんえんばなし
因業,いんごう
永遠性,えいえんせい
永続性,えいぞくせい
永住権,えいじゅうけん
永久機関,えいきゅうきかん
永久歯,えいきゅうし
演繹法,えんえきほう
演繹推論,えんえきすいろん
演算子,えんざんし
演習問題,えんしゅうもんだい
演技力,えんぎりょく
援軍要請,えんぐんようせい
援護体制,えんごたいせい
援助要請,えんじょようせい
援助活動,えんじょかつどう
遠因,えんいん
遠近感,えんきんかん
遠隔操作,えんかくそうさ
遠慮深,えんりょぶか
遠大,えんだい
応報,おうほう
応急措置,おうきゅうそち
応急対応,おうきゅうたいおう
応酬,おうしゅう
黄道面,こうどうめん
黄金律,おうごんりつ
黄金比,おうごんひ
黄金分割,おうごんぶんかつ
温厚,おんこう
温良,おんりょう
温雅,おんが
温純,おんじゅん
温恭,おんきょう
御世辞,おせじ
御大層,おおそう
御任せ,おまかせ
開放感,かいほうかん
開放的,かいほうてき
開放経済,かいほうけいざい
開放政策,かいほうせいさく
開放体制,かいほうたいせい
各論,かくろん
各説,かくせつ
各様,かくよう
各部署,かくぶしょ
各方面,かくほうめん
格段,かくだん
格別,かくべつ
格上,かくあげ
格下,かくさげ
格調,かくちょう
活動家,かつどうか
活動期,かつどうき
活動資金,かつどうしきん
活動領域,かつどうりょういき
活動内容,かつどうないよう
換骨,かんこつ
換算表,かんさんひょう
換価,かんか
完膚,かんぷ
完結編,かんけつへん
完結型,かんけつがた
完結性,かんけつせい
勘当,かんどう
勘所,かんどころ
勘定高,かんじょうだか
勘定書,かんじょうがき
寛厳,かんげん
寛仁,かんじん
寛弘,かんこう
寛明,かんめい
寛政,かんせい
間際,まぎわ
間隙,かんげき
間道,かんどう
間諜,かんちょう
間然,かんぜん
帰一,きいつ
帰納推論,きのうすいろん
帰因,きいん
帰結,きけつ
気鋭,きえい
気宇,きう
気宇壮大,きうそうだい
気骨稜々,きこつりょうりょう
気取,きどり
偽善者,ぎぜんしゃ
偽善的,ぎぜんてき
偽装工作,ぎそうこうさく
偽装平和,ぎそうへいわ
偽装結婚,ぎそうけっこん
救貧,きゅうひん
救済,きゅうさい
救護,きゅうご
救荒,きゅうこう
救国,きゅうこく
協働体制,きょうどうたいせい
協賛,きょうさん
協賛金,きょうさんきん
協議会,きょうぎかい
協定書,きょうていしょ
極致,きょくち
極北,きょくほく
極端,きょくたん
極秘,ごくひ
極楽往生,ごくらくおうじょう
金銭感覚,きんせんかんかく
金銭欲,きんせんよく
金銭的,きんせんてき
金銭問題,きんせんもんだい
金銭トラブル,きんせんとらぶる
緊迫感,きんぱくかん
緊急避難,きんきゅうひなん
緊急停止,きんきゅうていし
緊急措置,きんきゅうそち
苦言,くげん
苦境,くきょう
苦節,くせつ
苦味,にがみ
軍紀,ぐんき
軍規,ぐんき
軍票,ぐんぴょう
軍費,ぐんぴ
計略,けいりゃく
計謀,けいぼう
計算力,けいさんりょく
計算式,けいさんしき
計測値,けいそくち
鶏肋,けいろく
鶏皮,とりかわ
鶏舎,けいしゃ
鶏卵,けいらん
懸念材料,けねんざいりょう
懸念点,けねんてん
懸念事項,けねんじこう
懸念解消,けねんかいしょう
懸念払拭,けねんふっしょく
現況調査,げんきょうちょうさ
現況確認,げんきょうかくにん
現況把握,げんきょうはあく
現況分析,げんきょうぶんせき
現況認識,げんきょうにんしき
権益,けんえき
権原,けんげん
権衡,けんこう
権謀,けんぼう
権謀術数,けんぼうじゅっすう
言語活動,げんごかつどう
言語政策,げんごせいさく
言語障害,げんごしょうがい
言語訓練,げんごくんれん
言語能力,げんごのうりょく
固辞,こじ
固定観念,こていかんねん
公明,こうめい
公廉,こうれん
公勤,こうきん
公義,こうぎ
公益性,こうえきせい
功利,こうり
功徳,くどく
功勲,こうくん
功過,こうか
功罪,こうざい
高所,こうしょ
高志,こうし
高節,こうせつ
高邁,こうまい
高貴,こうき
豪語,ごうご
豪毅,ごうき
豪胆,ごうたん
豪勇,ごうゆう
豪傑,ごうけつ
混迷,こんめい
混濁,こんだく
混乱期,こんらんき
混乱収束,こんらんしゅうそく
採算,さいさん
採算性,さいさんせい
採算割,さいさんわれ
採算点,さいさんてん
採算ライン,さいさんらいん
策謀家,さくぼうか
策謀術,さくぼうじゅつ
策謀論,さくぼうろん
策謀的,さくぼうてき
察知,さっち
察知力,さっちりょく
察知能力,さっちのうりょく
参集,さんしゅう
参籠,さんろう
参詣,さんけい
参宮,さんぐう
参詣客,さんけいきゃく
山間部,さんかんぶ
山間地域,さんかんちいき
山間村落,さんかんそんらく
山間僻地,さんかんへきち
山間農業,さんかんのうぎょう
思惑相場,おもわくそうば
思惑先行,おもわくせんこう
失地回復,しっちかいふく
失地奪還,しっちだっかん
失策,しっさく
失言,しつげん
失礼,しつれい
自明,じめい
自明性,じめいせい
自明的,じめいてき
自明事項,じめいじこう
時局,じきょく
時局判断,じきょくはんだん
時局認識,じきょくにんしき
時局対応,じきょくたいおう
時局打開,じきょくだかい
従容,じゅうよう
従容自若,じゅうようじじゃく
従順従順,じゅうじゅんじゅうじゅん
従軍記者,じゅうぐんきしゃ
従軍経験,じゅうぐんけいけん
主体,しゅたい
主体的,しゅたいてき
主体形成,しゅたいけいせい
樹立,じゅりつ
樹立宣言,じゅりつせんげん
樹立過程,じゅりつかてい
樹立運動,じゅりつうんどう
樹立工作,じゅりつこうさく
所為,しわざ
所作,しょさ
所懐,しょかい
剰余,じょうよ
剰余価値,じょうよかち
剰余金,じょうよきん
剰余物,じょうよぶつ
剰余分,じょうよぶん
浄化作用,じょうかさよう
浄化活動,じょうかかつどう
浄化運動,じょうかうんどう
浄化能力,じょうかのうりょく
浄化処理,じょうかしょり
消長,しょうちょう
消沈,しょうちん
消耗品,しょうもうひん
消耗戦,しょうもうせん
消耗率,しょうもうりつ
衝動購買,しょうどうこうばい
衝動行為,しょうどうこうい
衝動犯罪,しょうどうはんざい
衝動抑制,しょうどうよくせい
森厳,しんげん
森閑,しんかん
森然,しんぜん
盛観,せいかん
盛典,せいてん
盛挙,せいきょ
盛事,せいじ
精確,せいかく
精強,せいきょう
精妙,せいみょう
精緻,せいち
精選,せいせん
節倹,せっけん
節義,せつぎ
節制,せっせい
節操,せっそう
節度,せつど
総覧,そうらん
総崩,そうくずれ
総辞職,そうじしょく
総括責任,そうかつせきにん
総合判断,そうごうはんだん
損害算定,そんがいさんてい
損害軽減,そんがいけいげん
損害防止,そんがいぼうし
体制改革,たいせいかいかく
体制変革,たいせいへんかく
体制整備,たいせいせいび
体制構築,たいせいこうちく
体制維持,たいせいいじ
大乗仏教,だいじょうぶっきょう
大所高所,おおところこうしょ
大器小成,たいきしょうせい
大願成就,たいがんじょうじゅ
多事多難,たじたなん
多岐,たき
多彩,たさい
多才多能,たさいたのう
稚拙,ちせつ
稚気,ちき
稚気満々,ちきまんまん
稚魚,ちぎょ
中道左派,ちゅうどうさは
中道右派,ちゅうどううは
中道政治,ちゅうどうせいじ
中道政党,ちゅうどうせいとう
中道路線,ちゅうどうろせん
忠実性,ちゅうじつせい
忠実度,ちゅうじつど
忠誠心,ちゅうせいしん
忠義心,ちゅうぎしん
忠義者,ちゅうぎもの
著述,ちょじゅつ
著作権料,ちょさくけんりょう
著述家,ちょじゅつか
著名人,ちょめいじん
追憶,ついおく
追懐,ついかい
追想,ついそう
追憶録,ついおくろく
追憶談,ついおくだん
定着,ていちゃく
定着率,ていちゃくりつ
定着度,ていちゃくど
定着化,ていちゃくか
定着性,ていちゃくせい
的確,てきかく
的確性,てきかくせい
鉄壁防御,てっぺきぼうぎょ
鉄壁体制,てっぺきたいせい
同質化,どうしつか
同質性,どうしつせい
同質集団,どうしつしゅうだん
同質競争,どうしつきょうそう
同質社会,どうしつしゃかい
特典付,とくてんつき
特権意識,とっけんいしき
特権階級,とっけんかいきゅう
特権濫用,とっけんらんよう
内外,ないがい
内外情勢,ないがいじょうせい
内外情報,ないがいじょうほう
日常茶飯,にちじょうさはん
日常業務,にちじょうぎょうむ
日常的,にちじょうてき
日常活動,にちじょうかつどう
日常風景,にちじょうふうけい
任意性,にんいせい
任意団体,にんいだんたい
任意調査,にんいちょうさ
任意同行,にんいどうこう
任意捜査,にんいそうさ
認識論的,にんしきろんてき
認識変容,にんしきへんよう
認識共有,にんしききょうゆう
認識転換,にんしきてんかん
認識齟齬,にんしきそご
抜本改革,ばっぽんかいかく
抜本解決,ばっぽんかいけつ
繁殖力,はんしょくりょく
繁殖期,はんしょくき
繁殖率,はんしょくりつ
繁殖地,はんしょくち
繁殖生態,はんしょくせいたい
付随,ふずい
付随事項,ふずいじこう
付随業務,ふずいぎょうむ
付随費用,ふずいひよう
付随作業,ふずいさぎょう
武力衝突,ぶりょくしょうとつ
武力行使,ぶりょくこうし
武力紛争,ぶりょくふんそう
武力制裁,ぶりょくせいさい
武力威嚇,ぶりょくいかく
文脈理解,ぶんみゃくりかい
文脈解釈,ぶんみゃくかいしゃく
文脈依存,ぶんみゃくいぞん
文脈把握,ぶんみゃくはあく
平和維持,へいわいじ
平和構築,へいわこうちく
平和運動,へいわうんどう
平和思想,へいわしそう
変節,へんせつ
変節者,へんせつしゃ
変節漢,へんせつかん
変節行為,へんせつこうい
変節問題,へんせつもんだい
報告義務,ほうこくぎむ
報告内容,ほうこくないよう
報告事項,ほうこくじこう
報告会,ほうこくかい
崩壊速度,ほうかいそくど
崩落事故,ほうらくじこ
崩壊現象,ほうかいげんしょう
崩落箇所,ほうらくかしょ
茫然,ぼうぜん
茫洋,ぼうよう
茫然自失,ぼうぜんじしつ
妄執,もうしゅう
妄念,もうねん
妄想癖,もうそうへき
妄想的,もうそうてき
妄信的,もうしんてき
役割分担,やくわりぶんたん
役割認識,やくわりにんしき
役割期待,やくわりきたい
役割葛藤,やくわりかっとう
要訣,ようけつ
要諦,ようたい
要領,ようりょう
欲求不満,よっきゅうふまん
欲求階層,よっきゅうかいそう
欲求充足,よっきゅうじゅうそく
欲求抑制,よっきゅうよくせい
欲求解消,よっきゅうかいしょう
利得,りとく
利得率,りとくりつ
利得増幅,りとくぞうふく
利得計算,りとくけいさん
利得重視,りとくじゅうし
理想追求,りそうついきゅう
理想論,りそうろん
倫理問題,りんりもんだい
倫理規定,りんりきてい
倫理観念,りんりかんねん
倫理審査,りんりしんさ
累進課税,るいしんかぜい
累進制,るいしんせい
累進率,るいしんりつ
累進的,るいしんてき
累進性,るいしんせい
連鎖的,れんさてき
連鎖倒産,れんさとうさん
連鎖感染,れんさかんせん
連鎖崩壊,れんさほうかい
労使,ろうし
労使関係,ろうしかんけい
労使交渉,ろうしこうしょう
労使紛争,ろうしふんそう
労使協定,ろうしきょうてい
論争的,ろんそうてき
論争点,ろんそうてん
論争史,ろんそうし
論争史的,ろんそうしてき
安直,あんちょく
暗愚,あんぐ
暗鬱,あんうつ
暗夜,あんや
異国,いこく
異邦,いほう
異境,いきょう
異土,いど
異郷,いきょう
移民問題,いみんもんだい
移住労働,いじゅうろうどう
移交,いこう
一意専心,いちいせんしん
一目散,いちもくさん
一本気,いっぽんぎ
陰惨,いんさん
陰気,いんき
陰鬱感,いんうつかん
陰々,いんいん
羽化,うか
羽化登仙,うかとうせん
羽翼,うよく
羽化昇天,うかしょうてん
羽毛,うもう
運命論,うんめいろん
運命観,うんめいかん
運命転換,うんめいてんかん
永劫,えいごう
永世,えいせい
永続的,えいぞくてき
永遠回帰,えいえんかいき
永遠不変,えいえんふへん
越権,えっけん
越権行為,えっけんこうい
越境,えっきょう
越境問題,えっきょうもんだい
越境犯罪,えっきょうはんざい
横断幕,おうだんまく
横断検索,おうだんけんさく
横断的,おうだんてき
横断研究,おうだんけんきゅう
横断比較,おうだんひかく
臆測,おくそく
臆面,おくめん
臆病者,おくびょうもの
臆断,おくだん
恩徳,おんとく
恩讐,おんしゅう
恩顧,おんこ
温顔,おんがん
温良恭倹,おんりょうきょうけん
温情主義,おんじょうしゅぎ
過渡期,かとき
過渡的,かとてき
過渡措置,かとそち
過渡段階,かとだんかい
過渡現象,かとげんしょう
快哉,かいさい
快方,かいほう
快調,かいちょう
快適感,かいてきかん
快楽主義,かいらくしゅぎ
怪訝,けげん
概念化,がいねんか
概念規定,がいねんきてい
概念整理,がいねんせいり
概念的,がいねんてき
概念操作,がいねんそうさ
轢死,れきし
轢殺,れきさつ
轢断,れきだん
轢過,れきか
轢傷,れきしょう
苛酷,かこく
苛政,かせい
苛斂,かれん
苛斂誅求,かれんちゅうきゅう
画策,かくさく
画策者,かくさくしゃ
画策工作,かくさくこうさく
画一化,かくいつか
貫徹,かんてつ
貫流,かんりゅう
貫禄,かんろく
貫意志,かんいし
貫通,かんつう
肝腎,かんじん
肝胆相照,かんたんそうしょう
肝煎,きもいり
肝心要,かんじんかなめ
奇跡的,きせきてき
奇跡回復,きせきかいふく
起伏,きふく
気脈,きみゃく
気脈相通,きみゃくそうつう
帰依,きえ
帰依仏,きえぶつ
帰依者,きえしゃ
帰依心,きえしん
帰依処,きえしょ
機略縦横,きりゃくじゅうおう
機略家,きりゃくか
機略的,きりゃくてき
緊要性,きんようせい
緊要課題,きんようかだい
緊要事項,きんようじこう
緊要問題,きんようもんだい
君子豹変,くんしひょうへん
君臣,くんしん
君主制,くんしゅせい
君主論,くんしゅろん
君父,くんぷ
軽妙,けいみょう
軽妙洒脱,けいみょうしゃだつ
軽快,けいかい
軽躁,けいそう
激論,げきろん
激励,げきれい
激進,げきしん
激震,げきしん
激変,げきへん
賢明,けんめい
賢者,けんじゃ
賢哲,けんてつ
賢慮,けんりょ
賢愚,けんぐ
見識,けんしき
見識者,けんしきしゃ
顕彰,けんしょう
顕彰碑,けんしょうひ
顕彰会,けんしょうかい
顕彰記念,けんしょうきねん
顕彰活動,けんしょうかつどう
堅実,けんじつ
堅実家,けんじつか
堅実経営,けんじつけいえい
堅実路線,けんじつろせん
堅実派,けんじつは
故意,こい
故意犯,こいはん
故意過失,こいかしつ
故意的,こいてき
故意性,こいせい
誇大広告,こだいこうこく
誇大妄想,こだいもうそう
誇張表現,こちょうひょうげん
誇大申告,こだいしんこく
劫初,ごうしょ
劫末,ごうまつ
劫火,ごうか
劫灰,ごうかい
抗議活動,こうぎかつどう
抗議声明,こうぎせいめい
抗議運動,こうぎうんどう
抗議文,こうぎぶん
抗議書,こうぎしょ
高潔,こうけつ
巧緻,こうち
巧緻性,こうちせい
鼓舞,こぶ
鼓舞激励,こぶげきれい
鼓舞力,こぶりょく
鼓舞的,こぶてき
混淆,こんこう
混淆状態,こんこうじょうたい
混淆文化,こんこうぶんか
混淆民族,こんこうみんぞく
混淆語,こんこうご
困難克服,こんなんこくふく
困難突破,こんなんとっぱ
困難乗越,こんなんのりこえ
困難解決,こんなんかいけつ
困難対処,こんなんたいしょ
策定者,さくていしゃ
策定権限,さくていけんげん
策定プロセス,さくていぷろせす
策定委員,さくていいいん
策定作業,さくていさぎょう
殺伐感,さつばつかん
山紫水明,さんしすいめい
山河,さんが
山野,さんや
山川,さんせん
山川草木,さんせんそうもく
恣意性,しいせい
至高,しこう
至高善,しこうぜん
至高概念,しこうがいねん
至高価値,しこうかち
指弾,しだん
指弾活動,しだんかつどう
自省,じせい
自省力,じせいりょく
自省的,じせいてき
釈然,しゃくぜん
釈然感,しゃくぜんかん
蒐集家,しゅうしゅうか
蒐集癖,しゅうしゅうへき
蒐集品,しゅうしゅうひん
蒐集趣味,しゅうしゅうしゅみ
蒐集活動,しゅうしゅうかつどう
熟考断行,じゅっこうだんこう
熟考慎重,じゅっこうしんちょう
俊英,しゅんえい
俊傑,しゅんけつ
俊才,しゅんさい
俊秀,しゅんしゅう
俊雄,しゅんゆう
書物,しょもつ
書翰,しょかん
書簡集,しょかんしゅう
書翰文,しょかんぶん
書翰体,しょかんたい
浸透策,しんとうさく
浸透工作,しんとうこうさく
浸透活動,しんとうかつどう
浸透戦術,しんとうせんじゅつ
浸透力,しんとうりょく
迅速果断,じんそくかだん
迅速対応,じんそくたいおう
迅速処理,じんそくしょり
迅速行動,じんそくこうどう
迅速解決,じんそくかいけつ
推敲,すいこう
推敲不足,すいこうぶそく
精一杯,せいいっぱい
摂理的,せつりてき
摂理観,せつりかん
洗練,せんれん
洗練度,せんれんど
洗練美,せんれんび
争覇,そうは
争覇戦,そうはせん
争覇劇,そうはげき
遭難,そうなん
遭難者,そうなんしゃ
遭難救助,そうなんきゅうじょ
遭難事故,そうなんじこ
遭難信号,そうなんしんごう
鍛錬場,たんれんじょう
鍛錬不足,たんれんぶそく
鍛錬法,たんれんほう
嘆願書,たんがんしょ
嘆願運動,たんがんうんどう
嘆願活動,たんがんかつどう
嘆願状,たんがんじょう
断念,だんねん
知名度,ちめいど
忠烈,ちゅうれつ
忠烈心,ちゅうれつしん
忠烈行為,ちゅうれつこうい
直諫,ちょっかん
直諫者,ちょっかんしゃ
直諫精神,ちょっかんせいしん
沈着冷静,ちんちゃくれいせい
沈着果断,ちんちゃくかだん
哲人,てつじん
哲人政治,てつじんせいじ
哲人王,てつじんおう
哲人的,てつじんてき
徹底抗戦,てっていこうせん
徹底究明,てっていきゅうめい
徹底解明,てっていかいめい
徹底調査,てっていちょうさ
徹底追及,てっていついきゅう
天命,てんめい
天命思想,てんめいしそう
天命観,てんめいかん
同化政策,どうかせいさく
同化主義,どうかしゅぎ
同化圧力,どうかあつりょく
同化運動,どうかうんどう
同化教育,どうかきょういく
道義,どうぎ
道義的,どうぎてき
道義心,どうぎしん
特許出願,とっきょしゅつがん
特許申請,とっきょしんせい
特許取得,とっきょしゅとく
特許登録,とっきょとうろく
特許侵害,とっきょしんがい
内憂解消,ないゆうかいしょう
内憂克服,ないゆうこくふく
内憂問題,ないゆうもんだい
難局打開,なんきょくだかい
難局乗越,なんきょくのりこえ
難局突破,なんきょくとっぱ
難局克服,なんきょくこくふく
難局対処,なんきょくたいしょ
任意的,にんいてき
任意加入,にんいかにゅう
任意解散,にんいかいさん
任意出頭,にんいしゅっとう
任意処分,にんいしょぶん
忍辱,にんにく
忍辱強忍,にんにくきょうにん
忍辱精神,にんにくせいしん
忍辱行,にんにくぎょう
念力修行,ねんりきしゅぎょう
念力集中,ねんりきしゅうちゅう
念力発揮,ねんりきはっき
念力開発,ねんりきかいはつ
破廉恥,はれんち
破廉恥罪,はれんちざい
排除論理,はいじょろんり
排除的,はいじょてき
排除主義,はいじょしゅぎ
排除運動,はいじょうんどう
排除政策,はいじょせいさく
博学多識,はくがくたしき
博識多才,はくしきたさい
悲憤慷慨,ひふんこうがい
悲憤,ひふん
皮相的,ひそうてき
表裏,ひょうり
奮迅努力,ふんじんどりょく
奮迅活動,ふんじんかつどう
変幻,へんげん
奉仕精神,ほうしせいしん
奉仕活動,ほうしかつどう
奉仕的,ほうしてき
奉仕者,ほうしゃ
方向性,ほうこうせい
方向感覚,ほうこうかんかく
方向付け,ほうこうづけ
方向転換,ほうこうてんかん
方向指示,ほうこうしじ
没入,ぼつにゅう
没入感,ぼつにゅうかん
没入型,ぼつにゅうがた
没入体験,ぼつにゅうたいけん
末代,まつだい
魅了,みりょう
魅了力,みりょうりょく
魅了的,みりょうてき
無為自然,むいしぜん
無為無策,むいむさく
無為徒食,むいとしょく
名実,めいじつ
名実一体,めいじついったい
名実兼備,めいじつけんび
勇断,ゆうだん
勇断力,ゆうだんりょく
勇断的,ゆうだんてき
融通性,ゆうずうせい
融通自在,ゆうずうじざい
余裕綽々,よゆうしゃくしゃく
余裕綽綽,よゆうしゃくしゃく
略取誘拐,りゃくしゅゆうかい
略取行為,りゃくしゅこうい
略取的,りゃくしゅてき
略取罪,りゃくしゅざい
略取犯,りゃくしゅはん
廉恥心,れんちしん
廉恥感,れんちかん
蓮華,れんげ
蓮如,れんにょ
蓮台,れんだい
蓮池,はすいけ
老獪,ろうかい
論客肌,ろんきゃくはだ
和魂洋才,わこんようさい
和魂漢才,わこんかんさい
和魂,わこん
和魂的,わこんてき
山,やま
川,かわ
花,はな
森,もり
林,はやし
雨,あめ
空,そら
月,つき
日,ひ
火,ひ
水,みず
木,き
金,かね
土,つち
石,いし
竹,たけ
糸,いと
貝,かい
犬,いぬ
虫,むし
玉,たま
王,おう
村,むら
町,まち
田,た
目,め
耳,みみ
手,て
足,あし
口,くち
力,ちから
字,じ
名,な
海,うみ
雲,くも
星,ほし
風,かぜ
雪,ゆき
春,はる
夏,なつ
秋,あき
冬,ふゆ
朝,あさ
昼,ひる
夜,よる
馬,うま
牛,うし
鳥,とり
魚,さかな
肉,にく
米,こめ
麦,むぎ
茶,ちゃ
歌,うた
声,こえ
色,いろ
形,かたち
光,ひかり
船,ふね
刀,かたな
弓,ゆみ
矢,や
角,かど
谷,たに
岩,いわ
池,いけ
島,しま
橋,はし
波,なみ
湖,みずうみ
港,みなと
坂,さか
鉄,てつ
銀,ぎん
油,あぶら
酒,さけ
豆,まめ
箱,はこ
柱,はしら
皿,さら
板,いた
笛,ふえ
筆,ふで
畑,はたけ
薬,くすり
血,ち
歯,は
指,ゆび
鼻,はな
命,いのち
旅,たび
宮,みや
神,かみ
氷,こおり
塩,しお
鏡,かがみ
旗,はた
芽,め
種,たね
梅,うめ
松,まつ
巣,す
印,しるし
倉,くら
札,ふだ
絹,きぬ
綿,わた
墓,はか
桜,さくら
卵,たまご
机,つくえ
骨,ほね
胸,むね
腹,はら
背,せ
筋,すじ
